abeno	安倍
abeno	阿部野
aburano	油野
aburaya	油谷
abuto	阿伏兎
achiha	阿知波
aeka	阿重霞
agano	我野
agano	阿賀野
agino	萩野
aibane	相羽
aiha	愛華
aiha	愛葉
aihane	相羽
aika	アイカ
aika	亜衣加
aika	愛佳
aika	愛加
aika	愛可
aika	愛和
aika	愛夏
aika	愛彩
aika	愛日
aika	愛果
aika	愛歌
aika	愛花
aika	愛華
aika	愛香
aika	相賀
aika	藍花
aika	藍華
aika	藍香
aimiya	愛宮
aimoto	相本
ainaka	相中
aine	愛音
aino	藍野
aino	間野
ainoya	相野谷
aisaka	相坂
aisaka	逢坂
aitaka	相高
aitani	合谷
aito	愛斗
aiya	愛野
aiya	藍野
aizuya	会津屋
ajika	味香
ajimine	安次嶺
ajino	味野
ajino	阿字野
ajito	味戸
akabane	紅羽
akabane	赤埴
akadani	紅谷
akaha	紅羽
akaha	赤羽
akahane	紅羽
akahane	赤刎
akamine	明峰
akamine	赤峰
akane	明音
akane	朱子
akane	朱音
akane	紅音
akane	茜音
akane	赤音
akashika	赤鹿
akashiya	アカシヤ
akashiya	明石家
akatani	紅谷
akaya	赤谷
akazaka	赤阪
akemine	明峰
akeni	明仁
akeno	朱乃
akeno	朱野
aketo	明渡
akeya	明野
akeya	朱野
akibate	秋バテ
akichika	明親
akihide	彰秀
akihito	亮仁
akihito	彰一
akihito	晃仁
akihito	晶人
akihito	祥仁
akihito	聡人
akihito	陽仁
akika	明佳
akika	明花
akika	明華
akika	明香
akika	秋華
akika	秋香
akimine	秋峰
akinaga	明長
akinaga	秋永
akinaga	秋長
akinaga	顕長
akinaka	秋中
akine	アキネ
akine	秋子
akine	秋音
akino	アキノ
akino	亜紀乃
akino	彰乃
akino	明乃
akino	明野
akino	昭乃
akino	晶乃
akino	璃乃
akino	秋乃
akino	秋野
akioka	秋岡
akirato	皓都
akishika	秋鹿
akitaka	彰孝
akitaka	彰考
akitaka	明孝
akitaka	明貴
akitaka	昭孝
akitaka	昭隆
akitaka	昭高
akitaka	暁高
akitaka	顕孝
akitaka	顕隆
akitani	秋谷
akitaya	秋田谷
akito	亮人
akito	彰人
akito	彰斗
akito	旭人
akito	明人
akito	明登
akito	昭人
akito	昭仁
akito	晃斗
akito	暁人
akito	暁斗
akito	朗人
akito	瑛斗
akito	秋人
akito	秋斗
akito	空斗
akito	章人
akito	章斗
akito	陽仁
akito	陽登
akito	顕人
akito	黎人
akitomo	明友
akitomo	明智
akitomo	秋友
akitomo	章友
akitomoya	安芸倫也
akitsune	明恒
akiya	明也
akiya	明冶
akiya	晃也
akiya	晃弥
akiya	秋也
akiya	秋家
akiyo	アキヨ
akiyo	啓代
akiyo	明代
akiyo	明葉
akiyo	昭世
akiyo	昭代
akiyo	晃代
akiyo	晶代
akiyo	秋代
akiyo	章代
akiyo	顕世
akuto	肥土
amachika	天親
amadani	雨谷
amade	天手
amaha	天羽
amakuni	天国
amakuni	天國
amakurai	天官
amamine	天峰
amamiya	天宮
amane	アマネ
amane	周
amane	天根
amane	天音
amane	雨音
amano	天乃
amano	天王
amano	甘野
amano	雨野
amataka	天高
amatani	天谷
amatani	雨谷
amate	天手
amato	アマト
amato	亜人
amatsuka	天塚
amaya	天谷
amaya	雨夜
amedani	天谷
amedani	雨谷
ameno	天野
ameno	雨野
amidani	網谷
aminaka	網中
amitani	網谷
amiya	網屋
amiya	網谷
amiyo	網代
aneha	姉歯
anne	アンネ
anno	庵野
anno	杏野
anno	阿野
aobane	青羽
aodani	青谷
aogumo	青雲
aoha	青葉
aoimiya	葵美哉
aokiya	青木屋
aonaka	青中
aono	蒼乃
aosaka	青坂
aoshika	青鹿
aotaka	蒼鷹
aoto	アオト
aoyo	青陽
arabune	新船
arabune	荒船
aradake	新武
aradani	新谷
arade	新出
araga	荒賀
aragane	新金
aragane	荒金
araha	新葉
arakuni	荒邦
aramoto	新元
aramoto	新本
arano	新野
araoka	荒岡
arataka	新高
aratakiha	荒瀧派
aratani	新谷
araya	アラヤ
araya	新谷
araya	粕谷
araya	阿頼耶
arento	アレント
arichika	有近
aride	有出
ariga	在我
ariga	有我
ariito	アリーと
arika	アリカ
arika	亜里香
arika	有加
arika	有香
arine	有根
arino	在野
arisaka	アリサカ
arishika	有鹿
aritaka	有隆
arite	有手
arito	有人
ariwaka	有若
ariya	在屋
ariya	有家
ariya	有野
ariyo	有世
aruga	有賀
aruka	アルカ
aruka	有賀
arukara	アルから
arukara	アルカラ
asabane	浅羽
asaga	朝賀
asaga	浅賀
asaga	浅香
asaga	麻賀
asaha	浅羽
asaha	浅葉
asaka	朝佳
asaka	朝加
asaka	朝夏
asaka	朝賀
asaka	朝香
asaka	浅賀
asaka	淺香
asaka	阿坂
asaka	麻夏
asakumo	朝雲
asamiya	浅宮
asamiya	麻宮
asanaga	朝長
asanaka	朝中
asanaka	麻中
asane	浅子
asano	アサノ
asano	朝乃
asano	朝野
asano	浅乃
asano	淺野
asano	麻乃
asano	麻野
asanoya	浅野屋
asaoka	朝丘
asaoka	朝岡
asaoka	浅丘
asaoka	麻丘
asatani	浅谷
asato	アサト
asato	朝人
asato	浅利
asato	麻人
asato	麻登
asato	麻都
asato	麻里
asawo	麻生
asaya	浅谷
asaya	麻谷
asayo	朝世
asayo	朝代
asayo	麻代
ashidaka	愛鷹
ashidaka	足高
ashidani	芦谷
ashitaka	芦高
ashitani	芦谷
ashito	芦戸
ashiya	芦谷
ashiya	芦野
ashiya	葦屋
ashiya	蘆屋
ashiya	足屋
ashizuka	芦塚
asoya	阿蘇谷
asuka	あす香
asuka	明寿香
asuka	明日佳
asuka	明日夏
asuka	明日架
asuka	明日翔
asuka	明日花
asuka	明日華
asuka	明香
asuka	朱鳥
asuka	足助
asuka	飛香
ataka	アタカ
ataka	恰
atomiya	後宮
atone	後根
atsuno	野
atsutaka	敦貴
atsutaka	淳貴
atsutane	篤胤
atsuto	篤人
atsuya	厚谷
atsuya	惇也
atsuya	敦也
atsuya	敦哉
atsuya	淳也
atsuya	淳弥
atsuya	篤也
atsuya	篤哉
atsuyo	温世
awajiya	淡路屋
awaka	阿波加
awakuni	粟国
awakuni	粟國
awane	粟根
awane	阿波根
awano	淡野
awano	阿波野
awasaka	泡坂
awasaka	粟坂
awatani	淡谷
awatani	粟谷
awaya	淡谷
awaya	粟谷
awaya	阿波屋
awaya	阿波野
ayaha	彩葉
ayaha	文葉
ayahito	史人
ayahito	彩人
ayahito	恵仁
ayahito	操士
ayahito	文一
ayahito	文人
ayahito	文仁
ayahito	礼人
ayahito	礼仁
ayahito	絢一
ayahito	絢人
ayaka	あや香
ayaka	アヤカ
ayaka	亜矢香
ayaka	史佳
ayaka	史果
ayaka	史華
ayaka	彩伽
ayaka	彩佳
ayaka	彩加
ayaka	彩可
ayaka	彩夏
ayaka	彩果
ayaka	彩歌
ayaka	彩花
ayaka	彩華
ayaka	彩賀
ayaka	彩香
ayaka	文佳
ayaka	文夏
ayaka	文花
ayaka	文華
ayaka	文香
ayaka	朱加
ayaka	礼佳
ayaka	礼華
ayaka	紋華
ayaka	絢加
ayaka	絢夏
ayaka	絢華
ayaka	絢香
ayaka	綺華
ayaka	綾佳
ayaka	綾夏
ayaka	綾花
ayaka	綾華
ayaka	綾雅
ayaka	綾香
ayane	アヤネ
ayane	彩寧
ayane	彩音
ayane	文音
ayane	礼音
ayane	絢音
ayane	綺音
ayane	綾音
ayano	あや乃
ayano	アヤノ
ayano	亜矢乃
ayano	亜耶乃
ayano	史乃
ayano	彩乃
ayano	彩野
ayano	文乃
ayano	文野
ayano	礼乃
ayano	絢乃
ayano	綺乃
ayano	綾乃
ayasaka	綾坂
ayato	彩人
ayato	彩斗
ayato	彩翔
ayato	文人
ayato	礼人
ayato	絢斗
ayato	綾人
ayato	綾戸
ayato	綾斗
ayato	綾里
ayato	郁人
ayaya	彩矢
azato	安里
azumade	東出
azumane	東根
azumaya	東冶
azumaya	東夜
azumaya	東家
azumaya	東谷
baagaaya	バーガー屋
babaato	馬場跡
bakuya	莫邪
bakuya	麦谷
bande	番出
banka	晩霞
banka	番
banka	番家
banno	万野
banno	伴野
banno	坂野
banno	幡野
banno	板野
banno	番野
banno	阪野
barato	茨戸
barentaindeeto	バレンタインデート
barutokaito	把瑠都凱斗
beate	ベアテ
beika	米花
benika	朱花
benino	紅野
benno	辨野
berukuto	ベルクと
binto	ビント
biruto	ビルト
boniito	ボニーと
bouno	坊野
bouno	房野
boute	棒手
bouya	坊屋
bunaka	武中
bunka	文嘉
bunne	分根
bunno	文野
bunno	豊
buraianto	ブライアント
buruga	ブルガ
byakkoya	白虎野
byakuno	百野
byakuya	ビャクヤ
byakuya	白哉
changa	チャンガ
chano	茶野
chaya	茶谷
chibato	千葉東
chichine	乳根
chidaka	地高
chidate	知立
chiga	千賀
chiga	千雅
chiino	千井野
chika	チカ
chika	千佳
chika	千加
chika	千嘉
chika	千夏
chika	千果
chika	千歌
chika	千翔
chika	千花
chika	千華
chika	千賀
chika	千雅
chika	千香
chika	周
chika	愛
chika	智佳
chika	智加
chika	智花
chika	智賀
chika	智香
chika	知佳
chika	知加
chika	知可
chika	知夏
chika	知華
chika	知香
chika	稚加
chika	親
chikano	近野
chikara	徳
chikara	税
chikara	親
chikasato	親里
chikatani	近谷
chikayo	親世
chikoto	千琴
chikuno	竹野
chikuno	築野
chine	茅根
chinga	チンガ
chino	千乃
chino	千之
chino	地野
chino	智乃
chino	知野
chino	茅乃
chinone	茅根
chisaka	千坂
chisato	チサト
chisato	千怜
chisato	千慧
chisato	千智
chisato	千歳
chisato	千沙都
chisato	千砂都
chisato	千紗登
chisato	千紗都
chisato	千聖
chisato	千聡
chisato	千郷
chisato	智里
chisato	知聖
chisato	知里
chitane	千種
chitani	千谷
chitate	知立
chitoseya	千年屋
chiya	千也
chiya	車
chiyo	チヨ
chiyo	千与
chiyo	千世
chiyo	千夜
chiyo	智世
chiyo	智代
chiyo	知世
chiyo	知代
chiyono	千代乃
chiyono	千代野
chiyori	智代梨
chiyoya	千代屋
choukakuka	長角果
chouno	丁野
chouno	蝶野
chouno	長野
choushunka	張春華
chuuka	中和
chuuto	チュート
chuuya	中也
chuuya	中夜
chuuya	宙也
chuuya	宙哉
chuuya	忠也
chuuya	忠弥
daiga	大賀
daiga	太賀
daika	大花
daikuya	大工屋
daimonjiya	大文字屋
daini	大弐
dairokuno	大六野
daito	大都
daiya	大矢
daniide	谷出
danno	団野
danno	團野
danno	檀野
danno	段野
danzuka	団塚
date	達
date	館
dateno	舘野
dekune	出久根
demoto	出元
denno	田野
deno	出野
detani	出谷
dokite	土器手
dokusuto	ドクスト
donga	ドンガ
douni	道二
douno	堂野
dousaka	堂坂
douya	銅谷
douzono	堂園
douzono	堂薗
earoga	エアロガ
ebato	江波戸
ebine	海老根
ebino	海老野
ebisuya	胡屋
echigoya	越後屋
echigoya	越後谷
edani	惠谷
edaya	枝谷
edoya	江戸家
edoya	江戸屋
eguni	江國
eiga	栄花
eiga	英賀
eika	栄華
eika	英華
eika	英香
eino	永野
eitani	永谷
eito	映人
eito	栄人
eito	栄斗
eito	永戸
eito	瑛人
eito	瑛斗
eito	英斗
eito	詠人
eizuka	永塚
ekuni	江国
emika	エミカ
emika	咲花
emika	恵美加
emika	笑佳
emika	笑花
emiya	江宮
emiya	笑也
emono	江本
emoto	恵本
emoto	枝元
emoto	柄本
emoto	江本
emoto	絵本
emoto	繪本
emoto	重本
enaka	恵中
enaka	江中
enni	円爾
enno	遠野
enokito	榎戸
enokiya	榎屋
enoto	榎戸
entani	圓谷
erika	えり花
erika	依里佳
erika	恵利華
erika	恵利香
erika	恵梨花
erika	恵梨華
erika	恵理香
erika	恵里伽
erika	恵里佳
erika	恵里加
erika	恵里花
erika	恵里香
erika	映里香
erika	江利花
erika	江梨花
erika	江理佳
erika	江莉香
erika	絵梨佳
erika	絵梨花
erika	絵梨香
erika	絵理香
erika	絵里佳
erika	絵里加
erika	絵里花
erika	絵里香
erika	英里何
erika	英里佳
erika	英里香
esato	江里
etani	惠谷
etchuuya	越中屋
etsuya	悦也
etsuyo	悦代
ezuka	江塚
firuto	フィルと
fubito	史
fuchino	渕野
fuha	不破
fujika	藤家
fujika	藤花
fujika	藤華
fujimine	藤峰
fujimine	藤嶺
fujimiya	藤宮
fujimotoyukiyo	藤本幸世
fujine	藤根
fujino	富士野
fujino	藤乃
fujioka	フジオカ
fujioka	藤丘
fujioka	藤陵
fujishimo	藤下
fujitaka	藤孝
fujitaka	藤隆
fujitaka	藤高
fujitani	冨士谷
fujitani	富士谷
fujito	富士登
fujitomo	藤友
fujitomo	藤巴
fujiwaka	藤若
fujiya	冨士屋
fujiya	藤谷
fujiyo	藤代
fukane	深根
fukaya	深野
fukide	吹出
fukino	吹野
fukino	柊野
fukito	吹戸
fukiya	葺屋
fukiya	蕗谷
fukouno	深野
fukudaya	福田屋
fukuha	福羽
fukuimo	福芋
fukumeto	福本
fukumiya	福宮
fukumoto	復本
fukuoka	冨岡
fukusato	福里
fukutaka	福高
fukute	福手
fukuto	福戸
fukutomo	福友
fukuya	福家
fukuya	福谷
fukuyo	福世
fukuyo	福代
fukuyo	福與
fukuyo	福興
fumika	フミカ
fumika	史佳
fumika	史果
fumika	史華
fumika	史香
fumika	富美加
fumika	文佳
fumika	文夏
fumika	文花
fumika	文華
fumika	文香
fumika	歩佳
fumikiyo	文斎
fuminaga	文永
fumino	フミノ
fumino	史乃
fumino	文乃
fumino	文之
fumino	文野
fumito	フミト
fumito	史人
fumito	史等
fumito	史都
fumito	文人
fumito	文仁
fumito	文登
fumito	郁人
fumiya	フミヤ
fumiya	史也
fumiya	史哉
fumiya	史弥
fumiya	文也
fumiya	文哉
fumiya	文屋
fumiya	文弥
fumiya	郁也
fumiya	郁哉
fumiya	郁弥
fumiyo	ふみ代
fumiyo	史代
fumiyo	文世
fumiyo	文代
fumiyo	章代
fumoto	富本
funaga	冨永
funasaka	舟坂
funato	舟戸
funato	船登
furiya	降矢
furiya	降谷
furude	古手
furuga	古賀
furukuni	古国
furumaya	古厩
furumine	古峰
furune	古根
furune	振根
furuno	フルノ
furuoka	古岡
furuoya	古尾谷
furusaka	古坂
furusato	故里
furutaka	古鷹
furutani	古谷
furutani	降谷
furute	古手
furuumaya	古厩
furuya	フルヤ
furuya	古家
furuya	古矢
furuya	降矢
furuya	降谷
fusae	フサエ
fusae	夫佐恵
fusae	房枝
fusae	房江
fusano	房野
fusato	冨里
fusato	布里
fusayo	房代
fuseya	布施谷
fushimiya	伏見屋
fushino	椹野
futamiya	二宮
futatsuya	二谷
futaya	二家
futaya	二矢
futo	布都
futono	太布
futono	太野
fuuka	楓花
fuuka	楓香
fuuka	風夏
fuuka	風花
fuuka	風香
fuuno	風野
fuuto	風戸
fuuto	風斗
fuuto	風都
fuyuha	冬羽
fuyuka	冬佳
fuyuka	冬夏
fuyuka	冬花
fuyuka	冬華
fuyuka	冬香
fuyuto	冬人
gakiya	我喜屋
gakuto	学人
gakuto	岳人
gakuto	岳斗
gakuto	岳登
gakuto	楽人
ganni	元女
gaya	賀谷
geete	ゲーテ
gekkouka	月光花
genka	幻花
genno	元野
genno	玄野
gento	弦人
gento	玄人
getsuka	月花
giyo	驍
goino	五井野
gonno	権野
gono	吾野
gourikiya	郷力也
goutani	合谷
gouto	郷戸
gouya	合屋
gouya	合谷
gouya	郷家
gurento	グレンと
guya	呉屋
haatoreeto	ハートレート
habuka	羽深
hachiga	八賀
hachino	八野
hachishika	八鹿
hachisuga	蜂須賀
hachiya	八弥
hachiya	八谷
hachiya	蜂矢
hachiya	蜂谷
hadani	波谷
hadano	波多野
hadano	羽多野
hadate	羽立
haga	葉賀
hagane	刃金
hagane	羽兼
hagane	釼
hagane	鋼鉄
hagino	荻野
haginoya	萩野谷
hagioka	萩岡
hagiya	萩谷
haino	灰野
haino	生野
haitani	灰谷
haiya	灰谷
hajika	初鹿
hajino	土師
hakataya	博多屋
hakune	白根
hakuno	白野
hakuto	白戸
hamadate	浜館
hamadaya	濱田屋
hamanaka	濱中
hamanaka	濵中
hamane	浜根
hamano	濱野
hamano	濵野
hamanoya	濱野谷
hamaoka	濱岡
hamaoka	濵岡
hamasuka	浜須賀
hamatani	浜谷
hamatani	濱谷
hamaya	浜家
hamaya	浜野
hamaya	濱家
hamaya	濱屋
hamaya	濱谷
hamaya	濵野
hamo	羽茂
hamoto	羽咋
hamoto	葉本
hanadani	花谷
hanaika	ハナイカ
hanaka	畠中
hanaka	花果
hanaka	花香
hanamino	花蓑
hanamiya	花宮
hanano	端野
hanano	花乃
hanano	花野
hanano	華乃
hanasaka	花咲
hanasaka	花坂
hanasoto	花外
hanato	端戸
hanato	花戸
hanato	花登
hanatsuka	花塚
hanawaka	花若
hanaya	花家
hanaya	花矢
hanaya	花谷
hanayo	ハナヨ
hanayo	花世
hanayo	花代
hanayo	英代
hanayo	華世
hanayo	華代
hanchouka	半長靴
hane	刎
hanega	羽賀
haneno	羽野
haneoka	羽根岡
hani	埴
hani	羽仁
hanmoto	半本
hanmoto	阪本
hanno	坂野
hano	ハノ
hano	羽野
hantani	半谷
haoka	羽岡
harade	原出
haraga	原賀
haramoto	原元
haramoto	原本
harane	原根
harano	原野
haratani	原谷
haraya	原屋
haraya	原谷
hareyo	晴代
hariya	針谷
haruha	遥羽
haruhide	東英
haruhito	春人
haruhito	春仁
haruhito	晴人
haruhito	晴仁
haruhito	治人
haruhito	陽仁
haruka	はる香
haruka	ハルカ
haruka	悠
haruka	春佳
haruka	春夏
haruka	春果
haruka	春歌
haruka	春翔
haruka	春花
haruka	春華
haruka	春霞
haruka	春風
haruka	春鹿
haruka	晴佳
haruka	晴加
haruka	晴夏
haruka	晴歌
haruka	晴花
haruka	晴華
haruka	晴香
haruka	榛香
haruka	治香
haruka	葉留佳
haruka	遙
haruka	遙香
haruka	遥
haruka	遥佳
haruka	遥加
haruka	遥夏
haruka	遥翔
haruka	遥花
haruka	遥華
haruka	遥香
haruka	遼
haruka	陽佳
haruka	陽加
haruka	陽日
haruka	陽花
haruka	陽香
harukiya	春木屋
harukuni	春国
harumiya	春宮
harumo	春望
harunaga	春永
harunaga	春長
harunaga	治長
harunaka	春中
harune	晴音
haruno	春乃
haruno	晴乃
haruno	晴野
haruno	遥乃
harutaka	春高
harutaka	晴貴
harutaka	晴隆
harutaka	治孝
harutani	春谷
haruto	春人
haruto	春斗
haruto	春翔
haruto	晴人
haruto	晴斗
haruto	晴登
haruto	晴翔
haruto	治人
haruto	遥斗
haruto	遥翔
haruto	陽人
haruto	陽斗
haruto	陽登
haruto	陽翔
harutomo	晴智
harutomo	晴朝
haruwo	ハルヲ
haruya	春哉
haruya	春弥
haruya	春野
haruya	晴也
haruya	晴哉
haruya	晴矢
haruya	治也
haruya	遥也
haruyo	はる代
haruyo	ハルヨ
haruyo	春世
haruyo	春代
haruyo	晴世
haruyo	晴代
haruyo	治代
haruyo	美代
haruyo	陽代
haseya	早瀬
hashidani	橋谷
hashimotoya	橋本屋
hashino	端野
hashitani	橋谷
hashiya	橋谷
hasuga	蜂須賀
hasuka	蓮香
hasutani	蓮谷
hatadani	畑谷
hatade	旗手
hatamiya	幡宮
hatanaka	畑仲
hatane	羽根
hatani	波谷
hatani	羽谷
hatano	ハタノ
hatano	幡野
hatano	旗野
hatano	榛野
hatano	波田野
hatano	畠野
hatano	秦野
hatano	端野
hatano	籏野
hatano	羽多野
hatano	羽田野
hatashimo	畑下
hatatani	畑谷
hatate	旗手
hataya	畑谷
hataya	畠山
hataya	秦谷
hato	波戸
hatono	鳩野
hatsude	初手
hatsuka	初夏
hatsuka	廿日
hatsukano	初鹿野
hatsune	ハツネ
hatsune	初嶺
hatsuno	初乃
hatsuoka	初岡
hatsushika	初鹿
hatsutani	初谷
hatsute	初手
hatsuya	初矢
hatsuya	初谷
hatsuyo	初代
haya	敏
haya	林
haya	羽矢
hayade	早出
hayaine	早稲
hayakumo	早雲
hayashitani	林谷
hayashiya	林家
hayashiya	林屋
hayate	早手
hayate	颯
hayate	颯天
hayato	健人
hayato	勇人
hayato	勇斗
hayato	早人
hayato	翔人
hayato	速人
hayato	速登
hayato	逸人
hayato	隼
hayato	隼斗
hayato	隼翔
hayato	颯人
hayato	颯斗
hayato	駿斗
hebitani	蛇谷
heidani	平谷
hekiya	壁谷
heruga	ヘルガ
heya	部家
heya	部谷
hibino	日々野
hidaka	ヒダカ
hidaka	日髙
hidaka	樋高
hidaka	氷高
hidaka	飛高
hidaka	飛鷹
hidani	比谷
hidano	肥田埜
hidano	肥田野
hide	ヒデ
hide	秀
hide	秀和
hide	英
hideka	秀佳
hideka	秀華
hideka	秀香
hidekiyo	秀清
hideno	秀野
hidetaka	秀峰
hidetaka	英剛
hideto	ヒデト
hideto	日出刀
hideto	東土
hideto	秀人
hideto	秀仁
hideto	秀和
hideto	秀斗
hideto	秀登
hideto	英人
hideto	英登
hideto	豪人
hidetomo	秀朝
hidetomo	秀知
hidetomo	英友
hidetomo	英智
hidetomo	英知
hidewo	秀夫
hideya	秀也
hideya	秀哉
hideya	秀弥
hideya	英也
hideya	英哉
hideya	英弥
hideyo	秀世
hideyo	秀代
hideyo	英世
hideyo	英代
hideyori	秀頼
higano	日向
higano	日向野
higano	氷鉋
higashikuni	東國
higashimo	東面
higashino	東濃
higashiya	東屋
higashiya	東矢
higashiya	東舎
hijiya	土屋
hika	比嘉
hikarino	光野
hikino	挽野
hikino	曳野
hikino	疋野
hikono	彦野
himaka	日間賀
himeka	ヒメカ
himeka	姫歌
himeka	姫花
himeka	姫華
himeka	姫香
himeno	ひめ乃
himeno	ヒメノ
himeno	姫乃
himetani	姫谷
himine	日峰
himino	氷見野
himiya	氷見谷
himono	火物
himoto	日本
himoto	樋本
hinaga	飛永
hinaka	日中
hinaka	肥中
hinano	ひな乃
hinano	雛乃
hine	日根
hinno	濱野
hino	樋野
hino	火野
hinode	日野出
hinode	杲
hinokino	桧野
hinoya	日野屋
hirachika	平親
hirade	平手
hiraga	ヒラガ
hiraga	平河
hiraite	平出
hiraka	平家
hirakuni	平国
hiramine	平峯
hiramine	平峰
hiramiya	平宮
hiranaga	平永
hiranaka	平仲
hirane	平根
hirano	ヒラノ
hirano	平埜
hiraoka	廣岡
hirataka	平高
hirato	平人
hiraya	平家
hiroga	平賀
hirogane	弘兼
hiroha	広葉
hiroka	ひろ香
hiroka	宏香
hiroka	弘佳
hiroka	裕加
hiroka	裕香
hiroka	陽香
hirokaga	廣利
hirokane	広兼
hirokane	廣兼
hirokuni	博国
hirokuni	博邦
hirokuni	広国
hirokuni	弘邦
hirokuni	浩邦
hiromine	広峯
hiromine	弘峰
hiromoto	弘基
hiromune	弘宗
hirono	広能
hirono	廣野
hirono	洋乃
hirono	裕乃
hirooka	平岡
hirooka	廣岡
hirosato	広郷
hirosato	広里
hirotaka	仁貴
hirotaka	博剛
hirotaka	博孝
hirotaka	博崇
hirotaka	博敬
hirotaka	博貴
hirotaka	博隆
hirotaka	博高
hirotaka	啓孝
hirotaka	啓貴
hirotaka	大貴
hirotaka	宏孝
hirotaka	宏貴
hirotaka	宏隆
hirotaka	宏高
hirotaka	寛孝
hirotaka	寛貴
hirotaka	寛隆
hirotaka	広孝
hirotaka	広貴
hirotaka	広隆
hirotaka	広高
hirotaka	弘孝
hirotaka	弘崇
hirotaka	弘毅
hirotaka	弘貴
hirotaka	弘隆
hirotaka	弘高
hirotaka	洋孝
hirotaka	洋岳
hirotaka	洋貴
hirotaka	浩孝
hirotaka	浩貴
hirotaka	浩隆
hirotaka	裕孝
hirotaka	裕崇
hirotaka	裕貴
hirotaka	裕隆
hirotani	廣谷
hiroto	博人
hiroto	博士
hiroto	博斗
hiroto	博登
hiroto	博音
hiroto	啓人
hiroto	啓仁
hiroto	大斗
hiroto	大翔
hiroto	天人
hiroto	宏人
hiroto	宏斗
hiroto	寛人
hiroto	寛大
hiroto	寛斗
hiroto	広人
hiroto	広翔
hiroto	廣人
hiroto	廣戸
hiroto	弘人
hiroto	拓人
hiroto	拓斗
hiroto	拓翔
hiroto	敬人
hiroto	比呂人
hiroto	洋人
hiroto	洋仁
hiroto	洋斗
hiroto	洋翔
hiroto	洸人
hiroto	浩人
hiroto	祐翔
hiroto	紘人
hiroto	裕人
hiroto	都人
hirotomo	博友
hirotomo	啓友
hirotomo	宏友
hirotomo	弘友
hirotomo	弘智
hirotomo	浩大
hirotsuka	広塚
hirotsune	博恒
hirotsune	廣常
hiroya	博也
hiroya	博哉
hiroya	大也
hiroya	大哉
hiroya	大弥
hiroya	宏哉
hiroya	宏弥
hiroya	寛也
hiroya	広谷
hiroya	広野
hiroya	廣野
hiroya	弘也
hiroya	拓弥
hiroya	洋也
hiroya	洋哉
hiroya	浩也
hiroya	浩哉
hiroya	碩哉
hiroya	祐也
hiroya	祥哉
hiroya	紘也
hiroya	裕也
hiroya	裕哉
hiroyo	博世
hiroyo	弘世
hiroyo	浩代
hiroyo	裕世
hiroyo	裕代
hisae	ヒサエ
hisae	久恵
hisae	久惠
hisae	久枝
hisae	久栄
hisae	久江
hisae	久英
hisae	久衛
hisae	寿恵
hisae	寿栄
hisae	寿江
hisae	尚江
hisaga	久我
hisaga	久賀
hisaka	久下
hisaka	久佳
hisaka	日坂
hisakuni	久國
hisamasato	久正人
hisanaga	久永
hisano	ヒサノ
hisano	久乃
hisano	久野
hisano	寿乃
hisano	平野
hisaoka	久岡
hisataka	久孝
hisataka	久敬
hisataka	久貴
hisataka	久高
hisataka	尚孝
hisatani	久谷
hisato	ヒサト
hisato	久人
hisato	久登
hisato	壽人
hisato	央登
hisato	寿人
hisato	尚人
hisato	尚登
hisatomo	久友
hisatomo	長丈
hisatoyo	久豊
hisatsune	久常
hisatsune	久恒
hisaya	久也
hisaya	久哉
hisaya	久弥
hisaya	久彌
hisaya	比紗也
hisayo	久世
hisayo	久代
hisayo	寿世
hisayo	寿代
hisayo	尚世
hisayo	尚代
hishitani	菱谷
hishiya	菱谷
hisoka	密
hitaga	日高
hitaka	日髙
hitaka	日鷹
hitaka	飛鷹
hitoha	一葉
hitokiyo	仁清
hitonaga	人長
hitoya	人也
hiyane	比屋根
hiyo	ヒヨ
hiyoshiya	日吉屋
hizaka	日坂
hodaka	ホダカ
hodaka	帆高
hodaka	穂高
hokasono	外園
homoto	保本
hondate	本館
hongouya	本郷谷
honne	本根
honno	本野
hontani	本谷
honto	本渡
hoosuto	ホースト
horide	堀出
horino	堀埜
horioka	堀岡
horiya	堀家
hosaka	保阪
hoshide	星出
hoshiide	星出
hoshika	星加
hoshinaga	星名
hoshinaga	星永
hoshinaka	星中
hoshinaka	星仲
hoshino	ホシノ
hoshino	星乃
hoshino	星名
hoshino	星埜
hoshioka	星丘
hoshisato	星里
hoshiya	星屋
hosodani	細谷
hosode	細手
hosoito	細糸
hosoka	細香
hosokane	細金
hosone	細根
hosoya	細矢
hosoya	細野
hotaka	保孝
hotaka	帆高
hotaka	穂尊
hotani	保谷
hotate	保立
houdate	方立
houga	宝賀
houga	芳賀
houka	宝華
houka	鳳華
houno	宝野
houno	芳野
houtani	方谷
houtani	蜂谷
hoya	保谷
hoyano	保屋野
hozaka	穂坂
hozuka	穂塚
hyouya	氷谷
hyuuga	ヒュウガ
hyuuga	ヒューが
ibano	伊庭野
ibuka	井深
ichiha	イチハ
ichiha	一羽
ichika	一果
ichika	一花
ichika	一華
ichikane	市金
ichikuni	一國
ichimiya	市宮
ichine	一音
ichini	一二
ichino	一乃
ichino	一野
ichioka	一岡
ichitaka	一高
ichitani	一谷
ichitani	市谷
ichiya	一箭
ichiya	一谷
ichiya	伊知哉
ichiya	壱哉
ichiya	市谷
ichiyo	一世
ichiyo	一代
ichiyo	壱世
ichiyo	市代
ichizuka	市塚
idaka	井高
idaka	飯高
ideno	井出野
ideno	出野
ideto	出戸
ideyo	出世
ienaga	家永
ienaga	家長
iene	家根
igamono	伊賀者
igaya	猪谷
iide	井出
iide	飯出
iikuni	飯國
iino	イーノ
iino	伊井野
iino	入野
iino	猪野
iino	飯尾
iiya	井伊谷
ikariya	碇屋
ikariya	碇谷
ikaruga	鵤
ikemine	池峯
ikemiya	池宮
ikeno	イケノ
ikeno	池乃
ikenoya	池ノ谷
ikenoya	池谷
ikenoya	池野谷
ikeoka	池岡
iketani	池谷
iketo	池戸
ikeya	イケヤ
ikeya	池谷
ikeya	池野
ikimoto	生本
ikouga	伊香賀
ikuka	郁香
ikumo	生雲
ikumoto	幾本
ikune	生根
ikuno	イクノ
ikuno	幾野
ikuno	郁乃
ikuto	生人
ikuto	育人
ikuto	郁人
ikuya	生也
ikuya	育也
ikuya	育弥
ikuya	郁也
ikuya	郁哉
ikuya	郁弥
ikuyo	いく代
ikuyo	幾代
ikuyo	生代
ikuyo	育世
ikuyo	育代
ikuyo	郁代
imadani	今谷
imaide	今出
imanaga	今永
imanaka	今仲
imani	今仁
imano	今野
imasaka	今坂
imataka	今高
imatani	今谷
imate	今手
imato	今人
imato	今戸
imawaka	今若
imaya	今家
imaya	今屋
imaya	今矢
imaya	今谷
imazuya	今津屋
imino	イ・ミノ
imoriya	射守矢
imoto	井元
imoto	伊本
inaga	為永
inaga	稲賀
inaka	伊中
inaka	稲中
inamo	稲毛
inamoto	イナモト
inamoto	稲元
inani	稲荷
inasaka	稲坂
inatani	稲谷
inatsuka	稲束
inazuka	稲塚
inazuka	稲束
inde	印出
ineno	稲野
inhe	仁海
inoha	伊野波
inohaya	猪早
inono	猪野
inooka	井岡
inooka	猪岡
inute	乾
ioka	イオカ
ioka	伊岡
ioriya	庵谷
irinoya	入野谷
irishika	入鹿
irite	入手
irito	入戸
iriya	イリヤ
iriya	入屋
iriya	入矢
iroha	伊呂波
iroha	彩葉
iroha	彩陽
iruka	入鹿
iruka	射鹿
iruya	射矢
isaka	イサカ
isaka	井坂
isaka	井阪
isaoka	砂岡
isato	イサト
isato	伊里
isato	勇人
isato	勇斗
isawo	勲
iseka	伊勢家
iseya	伊勢谷
iseya	伊瀬谷
ishibaha	石破派
ishibune	石船
ishidaka	石高
ishidate	石立
ishidate	石達
ishidoya	石戸谷
ishiga	石賀
ishigaya	石ケ谷
ishimine	伊志嶺
ishimine	石峯
ishimine	石峰
ishimiya	石宮
ishine	石根
ishino	石之
ishitaka	石高
ishitate	石立
ishitomo	石友
ishitoya	石戸谷
ishiwaka	石若
ishiya	イシヤ
ishiya	石家
ishiya	石矢
ishiya	石谷
ishizaka	石阪
ishizuka	石司
isogaya	磯ヶ谷
isone	磯根
isono	五十野
isono	井園
isono	礒野
isotani	礒谷
isoya	五十八
isoya	磯屋
itakane	板金
itamiya	板宮
itamoto	板本
itane	板根
itani	井澗
itani	伊谷
itani	居谷
itaoka	板岡
itasaka	板坂
itaya	イタヤ
iteya	射手矢
itodani	糸谷
itoga	糸賀
itooka	糸岡
itousae	伊藤沙恵
itouya	伊藤家
itoya	糸矢
itoya	糸谷
itsuha	一葉
itsumine	五峰
itsumoto	五本
itsuya	一矢
itsuya	壱弥
itsuyo	五代
iwabune	岩舟
iwadani	岩谷
iwadate	岩岳
iwadate	岩楯
iwadate	岩立
iwadate	岩舘
iwaide	岩出
iwaiya	岩井屋
iwakuni	岩國
iwamine	岩峰
iwamiya	岩宮
iwanaga	岩長
iwane	石根
iwane	磐音
iwano	石野
iwasato	岩里
iwataka	岩高
iwatani	イワタニ
iwatani	岩谷
iwatani	巌谷
iwatate	岩立
iwaya	巌谷
iwaya	巖谷
iwaya	窟
iyanaga	彌永
iyoha	イヨハ
izaka	井阪
izato	伊里
izaya	臨也
izuha	出葉
izuka	猪塚
izumika	泉家
izumini	泉二
izumino	五十公野
izumiya	泉屋
izumiya	泉谷
izumiya	泉野
izumoto	泉本
izumoya	出雲屋
izuno	伊津野
izuno	伊豆野
izutani	泉谷
izuya	泉屋
jankara	ジャンから
jankara	ジャンカラ
janni	ジャンに
jenga	ジェンが
jento	ジェンと
jiinyo	ジーニョ
jikuya	軸屋
jinaka	地中
jinde	神出
jinde	陣出
jinne	神会
jinne	神會
jinno	甚野
jinno	神乃
jinno	神農
jinno	陣野
jiono	ジオノ
jiraiya	磁雷矢
jitsuno	実野
jitsuyo	実代
jonde	ジョンで
jonha	ジョンは
jonmo	ジョンも
jouha	紹巴
jouno	条野
joutani	城谷
joutatsuya	城達也
joute	上手
jouto	城戸
jouya	丈也
jouya	城谷
jouya	譲也
jouzuka	定塚
jukeini	寿桂尼
june	樹根
june	樹音
junka	純香
junka	絢香
junka	順和
junsuka	ジュンスカ
juriini	ジュリーに
juuni	従二
juuno	重野
kabaya	カバヤ
kabaya	蒲谷
kabeya	壁屋
kabeya	壁谷
kabutoya	甲矢
kabutoya	甲谷
kadani	加谷
kadano	荷田
kadiya	加治屋
kadonaga	門永
kadono	上遠野
kadono	葛野
kadono	角野
kadono	門野
kadotani	角谷
kadotani	門谷
kadoya	カドヤ
kadoya	加登屋
kadoya	角屋
kadoya	角谷
kadoya	門矢
kadoya	門谷
kaede	清楓
kaga	カガ
kaga	何
kaga	利
kaga	加我
kaga	華雅
kaga	鹿賀
kagaya	カガヤ
kagaya	加賀
kagaya	加賀谷
kagekiyo	景清
kageya	影矢
kagiya	神屋
kagiya	鍵谷
kagono	加護野
kagoya	籠谷
kagurai	加倉井
kaibeya	海部屋
kaide	貝出
kaiga	海賀
kaiga	貝賀
kaigane	海金
kaino	甲斐野
kaino	飼野
kaisaka	海坂
kaitani	海谷
kaitani	甲斐谷
kaitani	皆谷
kaitani	貝谷
kaito	カイト
kaito	凱斗
kaito	嘉惟人
kaito	垣外
kaito	快人
kaito	快斗
kaito	惟人
kaito	海人
kaito	海斗
kaito	海渡
kaito	海藤
kaito	海音
kaito	界人
kaito	開人
kaito	魁人
kaito	魁斗
kaito	魁渡
kaiya	貝谷
kajino	楫野
kajino	茅野
kajitani	鍛治谷
kajiya	梶矢
kajiya	梶谷
kajiya	鍛冶
kakeno	掛布
kakeya	掛屋
kakeya	掛谷
kakiha	柿葉
kakino	垣野
kakisaka	柿坂
kakitani	垣谷
kakitani	柿谷
kakiya	垣谷
kakiya	柿家
kakiya	柿屋
kakiya	柿谷
kakiya	蠣屋
kakudate	角舘
kakudate	角館
kakuno	カクノ
kakuno	覚野
kakuno	角野
kakureya	隠家
kakushinni	覚信尼
kakutani	角谷
kakuya	角屋
kakuya	角谷
kamagatani	霞間ヶ渓
kamano	釜野
kamano	鎌野
kamatani	蒲谷
kamatani	釜谷
kamatani	鎌谷
kamato	釜戸
kamaya	蒲谷
kameno	カメノ
kameno	亀野
kametaka	亀高
kameya	亀谷
kamichika	神近
kamidani	紙谷
kamidate	神立
kamidate	神館
kamide	神出
kamiha	神葉
kamiide	上出
kamiine	神稲
kamikamiya	上神谷
kamikumo	神雲
kaminaga	神長
kaminaka	紙中
kamino	カミノ
kamino	上乃
kamino	神之
kamino	紙野
kamioka	亀岡
kamitaka	神高
kamitaka	神鷹
kamitani	上谷
kamitani	紙谷
kamite	上手
kamite	神手
kamito	上戸
kamito	上都
kamito	神戸
kamitomo	神供
kamiya	カミヤ
kamiya	上矢
kamiya	上谷
kamiya	加宮
kamiya	神家
kamiya	神矢
kamiya	紙谷
kamiya	香宮
kamiyo	神余
kamono	加茂
kamono	賀茂
kamono	鴨野
kamotani	加茂谷
kamoto	下元
kamoto	嘉元
kamoto	嘉本
kamoto	家本
kamoto	神本
kamoya	加茂谷
kanade	カナデ
kanade	奏
kanade	金出
kanaga	嘉永
kanahodo	金程
kanamine	金峯
kanamine	金峰
kanamiya	金宮
kanaoka	神岡
kanatani	金谷
kanato	カナト
kanato	奏人
kanato	奏音
kanato	賢人
kanato	金登
kanatsuka	金塚
kanaya	カナヤ
kandaka	神高
kane	兼
kane	加音
kanedate	金建
kanega	金賀
kanekiyo	兼清
kanekoya	金子屋
kanekuni	兼國
kaneno	金乃
kaneshika	金鹿
kanetaka	兼隆
kanetaka	兼高
kanetaka	金高
kanetani	金谷
kaneto	兼人
kaneto	金刃
kaneto	金戸
kanetomo	兼倶
kanetsune	兼常
kaneya	金屋
kaneyo	金世
kaneyori	兼頼
kanitani	蟹谷
kanjiya	貫地谷
kanmiya	上宮
kannaga	金長
kannaka	間中
kanno	カンノ
kanno	官能
kanno	官野
kanno	甘野
kanno	神農
kanno	管野
kanno	簡野
kanno	萱野
kanno	間野
kanno	関野
kano	か乃
kano	下野
kano	花乃
kano	華乃
kano	香乃
kano	鹿乃
kanoha	叶羽
kanoha	狩野派
kanoto	辛
kanouya	叶屋
kanoya	叶屋
kantani	閑谷
kanto	寛人
kanzaka	神坂
kanzato	神里
kaputo	カプト
karaito	唐糸
karatani	柄谷
karato	唐渡
karaya	柄谷
karino	カリノ
karino	仮野
karino	苅野
karitani	仮谷
karitani	刈谷
karitani	苅谷
karitani	雁谷
kariya	仮谷
kariya	假屋
kariya	狩屋
kariya	狩谷
kariya	雁屋
kariya	雁谷
karutani	刈谷
kasadani	笠谷
kasamoto	笠本
kasaneteto	重音テト
kasano	笠野
kasato	加里
kasaya	笠谷
kashimoto	樫元
kashino	柏野
kashino	菓子野
kashiwadani	柏谷
kashiwaya	柏谷
kasuka	春日
kasuya	加須屋
kasuya	糟谷
katade	片手
katamine	片峯
katamine	片峰
katane	片根
katani	加谷
katano	方野
kataya	形屋
katayori	片寄
kato	加戸
katoono	上遠野
katouno	上遠野
katoya	加登屋
katsudani	勝谷
katsukiyo	勝清
katsumine	勝峰
katsuno	佳つ乃
katsuno	葛野
katsuno	鹿角
katsuraya	桂屋
katsutaka	克貴
katsutaka	克隆
katsutaka	勝豊
katsutaka	勝隆
katsutani	勝谷
katsuto	克人
katsuto	勝人
katsutomo	克友
katsutomo	勝智
katsuya	カツヤ
katsuya	且弥
katsuya	克也
katsuya	克哉
katsuya	克弥
katsuya	勝也
katsuya	勝哉
katsuya	勝家
katsuya	勝屋
katsuya	勝弥
katsuya	勝矢
katsuya	勝谷
katsuya	勝野
katsuyo	カツヨ
katsuyo	克代
katsuyo	勝代
katsuyo	香津代
katsuyori	勝頼
kattaaha	カッター刃
kawachiya	河内家
kawade	川出
kawade	川手
kawade	河出
kawaide	川出
kawaide	河出
kawakamiya	川上屋
kawakane	川金
kawakane	河金
kawamiya	河宮
kawamo	河面
kawamoto	カワモト
kawamoto	川下
kawamoto	河元
kawanaga	川永
kawani	川仁
kawano	カワノ
kawano	河埜
kawano	河野
kawasaka	川坂
kawasaka	川阪
kawasato	河里
kawataka	河高
kawatani	河谷
kawate	河手
kawato	川人
kawato	川澄
kawauchiya	河内屋
kawaya	川谷
kawayo	川代
kaya	伽耶
kaya	加耶
kaya	加舎
kaya	嘉屋
kaya	夏弥
kaya	榧
kaya	華也
kaya	萓
kaya	賀屋
kaya	香夜
kayadani	加悦谷
kayane	茅根
kayano	かや乃
kayano	加弥乃
kayano	榧野
kayanoya	茅乃舎
kayo	カヨ
kayo	佳世
kayo	佳代
kayo	加代
kayo	嘉代
kayo	圭代
kayo	夏夜
kayo	花代
kayo	華世
kayo	華代
kayo	賀代
kayo	香世
kayo	香予
kayo	香代
kayono	佳世乃
kazaka	香坂
kazane	風音
kazanha	華山派
kazano	風野
kazato	加佐登
kazato	加里
kazato	風人
kazato	風戸
kazeno	風野
kazeto	風戸
kazeya	風谷
kazono	鹿苑
kazuha	一華
kazuha	一葉
kazuha	和葉
kazuka	一香
kazukiyo	一清
kazukiyo	和清
kazumine	一峰
kazunaga	一永
kazunaga	一良
kazunaga	一長
kazunaga	和修
kazunaga	和永
kazunaga	和長
kazunaka	和中
kazune	和音
kazuno	数野
kazusato	和郷
kazutaka	一剛
kazutaka	一太
kazutaka	一孝
kazutaka	一宇
kazutaka	一尊
kazutaka	一平
kazutaka	一敬
kazutaka	一隆
kazutaka	一高
kazutaka	万高
kazutaka	和剛
kazutaka	和孝
kazutaka	和尊
kazutaka	和尚
kazutaka	和貴
kazutaka	和隆
kazutaka	和高
kazuto	カズト
kazuto	一刀
kazuto	一斗
kazuto	一登
kazuto	一翔
kazuto	凡人
kazuto	和人
kazuto	和斗
kazuto	和登
kazuto	和都
kazutomo	一友
kazutomo	一智
kazutomo	一知
kazutomo	和友
kazutomo	和智
kazutomo	和朋
kazutomo	和知
kazutoyo	一豊
kazutoyo	和豊
kazuwo	一雄
kazuya	かづ屋
kazuya	カズヤ
kazuya	一也
kazuya	一八
kazuya	一哉
kazuya	一弥
kazuya	一彌
kazuya	一矢
kazuya	一谷
kazuya	勇弥
kazuya	十八
kazuya	和也
kazuya	和哉
kazuya	和弥
kazuya	和矢
kazuya	如矢
kazuya	数也
kazuya	粕谷
kazuya	賀津也
kazuyo	一世
kazuyo	一代
kazuyo	一夜
kazuyo	一葉
kazuyo	和与
kazuyo	和世
kazuyo	和代
kazuyori	和順
kazuyori	数寄
kebinto	ケビンと
keika	京佳
keika	京花
keika	京華
keika	佳香
keika	恵佳
keika	恵果
keika	恵華
keika	桂花
keika	桂華
keika	桂香
keika	荊軻
keinaga	慶永
keine	慧音
keito	ケイト
keito	啓人
keito	啓仁
keito	啓斗
keito	圭人
keito	圭土
keito	圭斗
keito	圭都
keito	恵土
keito	恵斗
keito	恵都
keito	慧人
keito	慧斗
keito	慶斗
keito	敬斗
keito	景都
keito	渓人
keito	計都
keiya	啓弥
keiya	圭也
keiya	圭哉
keiya	慶哉
keiya	敬也
kenka	建華
kentani	研谷
kento	ケント
kento	健人
kento	健斗
kento	健永
kento	健登
kento	健翔
kento	健都
kento	剣人
kento	剣斗
kento	堅斗
kento	建人
kento	建斗
kento	憲人
kento	拳人
kento	拳斗
kento	研人
kento	絢斗
kento	謙人
kento	謙斗
kento	賢人
kento	賢仁
kento	賢斗
kento	遣都
ketani	毛谷
ketsuka	毛塚
kibune	木船
kichisaka	吉阪
kichiya	吉也
kichiya	吉屋
kichiya	吉弥
kidaka	木高
kidaka	樹高
kidate	木建
kidate	木館
kifune	木船
kiga	木賀
kigane	木金
kigane	黄金
kiikuniya	紀伊国屋
kijino	雉野
kika	季可
kikane	木金
kikuka	菊花
kikunaga	菊永
kikuni	喜国
kikuno	キクノ
kikuno	菊乃
kikuno	鞠乃
kikuoka	菊岡
kikuya	菊家
kikuya	菊谷
kikuyo	キクヨ
kikuyo	喜久代
kikuyo	菊代
kikyouya	桔梗屋
kimika	公佳
kimika	公香
kimika	君花
kimika	君香
kimino	キミノ
kimino	君野
kimitaka	公隆
kimitaka	公高
kimito	公人
kimitsuka	君塚
kimiya	公也
kimiya	公哉
kimiya	公弥
kimiya	木宮
kimiyo	キミヨ
kimiyo	公世
kimiyo	公代
kimiyo	君代
kimiyo	喜美代
kimiyo	紀美代
kimiyo	貴美代
kimoto	喜元
kimoto	喜本
kimoto	木下
kimoto	木元
kimoto	木許
kimoto	樹本
kimoto	祈本
kimoto	紀本
kimoto	輝元
kimuhyonte	キム・ヒョンテ
kimuraya	木村屋
kin'unmo	金雲母
kinaga	木長
kinaka	紀中
kindaka	金高
kineya	杵屋
kineya	稀音家
kinga	近賀
kingyomo	金魚藻
kinka	琴華
kinka	金家
kinka	金花
kino	き乃
kino	希乃
kino	貴乃
kinomiya	木宮
kinone	木ノ根
kinone	木根
kintaka	金高
kinto	キント
kinto	金登
kinutani	絹谷
kinuya	絹谷
kinuyo	絹世
kinuyo	絹代
kioka	喜岡
kiraha	煌羽
kiriha	桐葉
kirino	桐乃
kirino	霧野
kiritaka	桐高
kirite	切手
kiriya	桐哉
kiriya	桐谷
kiriya	霧夜
kiriya	霧矢
kishidaha	岸田派
kishiha	岸派
kishino	木住野
kishitaka	岸高
kishitani	岸谷
kishiya	岸家
kishiya	岸谷
kisoya	木曽谷
kitadate	北舘
kitadate	北館
kitaha	北羽
kitakuni	北國
kitanaka	北仲
kitane	木種
kitani	喜谷
kitani	木谷
kitani	鬼谷
kitano	來
kitano	喜多野
kitaone	北尾根
kitasaka	北坂
kitasaka	北阪
kitasoto	北外
kitaya	北家
kitaya	喜多屋
kitayo	北代
kitsudaka	橘高
kitsuka	吉家
kitsutaka	橘高
kittaka	吉高
kittaka	橘高
kiya	木谷
kiya	紀谷
kiyo	喜世
kiyo	喜代
kiyo	希世
kiyo	希代
kiyo	紀世
kiyo	紀代
kiyo	記代
kiyo	貴世
kiyo	貴代
kiyoga	清賀
kiyoka	清佳
kiyoka	清夏
kiyoka	清家
kiyoka	清花
kiyoka	清華
kiyoka	清香
kiyoka	聖花
kiyoka	聖香
kiyokumo	清雲
kiyokuni	清國
kiyomine	清峰
kiyomiya	清宮
kiyomune	清宗
kiyono	キヨノ
kiyono	清乃
kiyori	希依
kiyoshino	清野
kiyoshito	清人
kiyotaka	清孝
kiyotaka	清崇
kiyotaka	清敬
kiyotaka	清貴
kiyotaka	清高
kiyotaka	聖岳
kiyotani	清谷
kiyoto	浄人
kiyoto	清人
kiyoto	清戸
kiyoto	清登
kiyoto	清都
kiyoto	潔人
kiyotomo	清友
kizuka	木塚
kobato	コバト
kobato	小鳩
kobayashiya	小林家
kobuto	虎太
kochiya	古知谷
kochiya	東風谷
kodaka	古高
kodaka	小鷹
kodaka	木高
kodate	小建
kodate	小舘
kodate	小館
kodato	古田土
kode	小出
kodono	古殿
koeno	越野
kofude	小筆
kofune	小船
koga	コガ
koga	久我
koga	古家
koga	虎牙
kogaito	小垣外
kogaito	小海途
kogane	子金
kogane	故金
kogano	小鹿野
kogumo	小雲
koguni	小国
koguni	小國
koito	鯉登
kojika	コジカ
kojika	小鹿
kojimaya	小島屋
kokamo	小鴨
kokane	小金
kokone	心音
kokuga	国賀
kokuka	国華
kokune	古久根
kokuni	小国
kokuno	黒野
kokutani	国谷
kokutani	黒谷
komachiya	小町谷
komadani	駒谷
komagine	駒木根
komagino	駒木野
komakine	駒木根
komatani	駒谷
komatsuya	小松屋
komaya	駒屋
komaya	駒谷
kometani	米谷
komeya	米谷
komine	コミネ
komine	古峯
komine	古峰
komino	小美濃
komino	小美野
komino	小蓑
komomo	コモモ
komomo	小桃
komoriya	小森谷
komoriya	籠谷
komoto	古本
konaga	小長
konagaya	古長谷
konaka	小仲
konaka	湖中
konamiya	コナミヤ
konde	今出
konnaka	こん中
konno	コンノ
konno	昆野
konno	萱野
konno	近野
konno	金野
konoha	木ノ葉
konoka	九日
konoka	木乃香
konomoto	木本
konomoto	此元
konomoto	此本
kontani	紺谷
koono	河野
koono	甲野
koono	高野
koreya	是也
korinto	コリンと
kosaka	コサカ
kosaka	古坂
kosaka	子坂
kosato	古里
kosato	小郷
kosato	小里
koshika	小鹿
koshimo	小霜
koshimoto	腰本
koshinaka	越中
koshino	コシノ
koshino	小篠
koshino	越乃
koshioka	越岡
koshitsuka	腰塚
koshiya	越谷
koshunka	胡春華
kosono	小園
kosuga	コスガ
kosuga	小管
kosuga	小菅
kosumo	宇宙
kotaka	古高
kotaka	小鷹
kotani	古谷
kotani	子谷
kotani	小渓
kotani	木谷
kotanino	小谷野
kotaniya	小谷家
kotate	小建
kotoha	こと葉
kotoha	コトハ
kotoha	琴葉
kotoka	古都華
kotone	コトネ
kotone	琴音
kotono	コトノ
kotono	琴乃
kotono	琴野
kotsuka	小塚
koudate	神館
koude	神出
kouga	香賀
kouga	高賀
kouka	光夏
kouka	光河
kouka	光花
kouka	光華
kouka	光香
kouka	更科
kouka	江夏
kouka	紅花
kouka	紅華
kouka	紅香
kouka	耕花
kouka	興華
kouka	黄華
koumiya	香宮
kouno	交野
kouno	光野
kouno	公野
kouno	古野
kouno	向野
kouno	川野
kouno	幸野
kouno	廣野
kouno	沖野
kouno	河埜
kouno	紅野
kouno	耕野
kouno	香乃
kouno	香野
kouno	鴻野
kourikika	高力価
kousaka	上坂
kousaka	向坂
kousaka	幸坂
kousaka	幸阪
kousaka	神坂
kousaka	高阪
kousaka	髙坂
koutaka	神鷹
koutani	幸谷
koutani	甲谷
koutani	荒谷
koutani	高谷
koutate	香立
koutenka	黄天化
koutsuka	高塚
kouwaka	幸若
kouya	光哉
kouya	公也
kouya	公哉
kouya	功也
kouya	孝哉
kouya	孝弥
kouya	宏也
kouya	宏哉
kouya	宏弥
kouya	巧也
kouya	幸也
kouya	幸哉
kouya	幸弥
kouya	康也
kouya	弘也
kouya	昂也
kouya	晃也
kouya	浩也
kouya	浩弥
kouya	皓也
kouya	神屋
kouya	神谷
kouya	空也
kouya	紘也
kouya	紘矢
kouya	耕也
kouya	航也
kouya	航矢
kouya	高屋
kouya	髙谷
kouyo	光誉
kouzaka	向坂
kouzaka	幸坂
kouzato	上里
kouzono	幸園
kouzuka	高塚
kowaka	小若
koya	古屋
koya	古矢
koyane	小屋根
koyano	古家野
koyano	古谷野
koyano	小谷野
koyone	小米
kozaka	古坂
kozaka	小阪
kozato	小里
kozuka	古塚
kozuka	狐塚
kubono	久保野
kubonoya	窪谷
kubotani	久保谷
kubotani	窪谷
kuboya	久保谷
kuboya	窪谷
kuchide	口出
kuchiha	口羽
kuchiha	朽葉
kuchiya	口屋
kuga	クガ
kuga	空閑
kugiya	釘屋
kukino	久木野
kukino	柊野
kumaoka	熊岡
kumataka	熊高
kumate	熊手
kumatoriya	熊取谷
kumaya	熊屋
kumayo	熊代
kumeno	粂野
kumisaka	組坂
kumiya	組屋
kumomine	雲峰
kumono	雲野
kumotani	雲谷
kumoto	久本
kumoto	九本
kumoya	雲谷
kuni	久仁
kuni	久爾
kuni	久邇
kuni	邦
kunichika	國近
kuniga	国賀
kunigane	国金
kunika	国香
kunika	邦花
kunikane	国兼
kunikane	国金
kunikiyo	國清
kunimine	国峯
kunimine	國峰
kunioka	國岡
kunitaka	国隆
kunitani	国谷
kunitate	國立
kunito	邦人
kunito	都人
kunitomo	國友
kuniya	国屋
kuniya	國屋
kuniya	國谷
kuniya	邦弥
kuniyo	国世
kuno	クノ
kuomo	クオモ
kuoni	九鬼
kurade	蔵出
kuramoto	倉元
kuramoto	藏本
kurane	倉根
kurano	藏野
kuraoka	倉岡
kurasaka	倉坂
kurasaka	倉阪
kuratani	鞍谷
kurato	倉戸
kurato	蔵戸
kuratomo	倉友
kuraya	倉屋
kuraya	倉谷
kuraya	蔵屋
kureha	呉葉
kureha	紅羽
kureha	紅葉
kureito	クレイと
kuretani	榑谷
kureya	呉家
kureya	呉屋
kurioka	栗岡
kurobane	黒羽根
kuroha	クロハ
kuroha	黒羽
kurohane	黒羽根
kuromiya	黒宮
kurono	玄野
kurotaka	黒高
kurotsuka	黒塚
kuroya	黒野
kurumatani	車谷
kurumaya	車谷
kurumiya	来宮
kuruto	クルト
kurutoga	クルトが
kurutoga	クルトガ
kusaga	草賀
kusaka	久坂
kusaka	草下
kusaka	草加
kusaka	草花
kusaka	草薙
kusaka	草鹿
kusano	クサノ
kusaoka	草岡
kusato	久里
kushino	櫛野
kushiya	櫛谷
kusuno	楠野
kusuoka	楠岡
kutsuno	沓野
kuuya	クウヤ
kuwakino	桑木野
kuwano	桒野
kuwatani	桑谷
kuwaya	桑谷
kuzune	葛根
kuzunoha	葛葉
kuzuya	葛谷
kyakuno	客野
kyouka	京佳
kyouka	京加
kyouka	京花
kyouka	京華
kyouka	京雅
kyouka	京香
kyouka	強香
kyouka	恭香
kyouka	杏佳
kyouka	杏夏
kyouka	杏果
kyouka	杏花
kyouka	杏華
kyouka	杏香
kyouka	鏡花
kyouka	響香
kyouka	香花
kyoumachiya	京町屋
kyouno	京野
kyouno	響野
kyousaka	京坂
kyousaka	京阪
kyoutani	京谷
kyouya	京也
kyouya	京弥
kyouya	京谷
kyouya	恭也
kyouya	恭弥
kyouya	響也
kyuubeeya	久兵衛屋
kyuuka	九華
kyuuno	久能
kyuuno	久野
kyuuya	久弥
kyuuya	久彌
maaya	真彩
maaya	舞彩
maaya	麻綾
mabune	真船
machika	真近
machitani	町谷
machiyo	町代
madate	真達
madate	真館
madoka	マドカ
madoka	円
madoka	円佳
madoka	円花
madoka	円華
madoka	円香
madoka	圓
madoka	望
madoka	瞬
madoka	麻土香
madono	真殿
maedake	前田家
maemiya	前宮
maenaka	前中
maene	前根
maeno	マエノ
maeoka	前岡
maesaka	前坂
maesato	前里
maetaka	前高
maetani	前谷
maete	前手
maeya	前屋
maeya	前谷
maezaka	前坂
maezato	前里
mafune	真舟
maha	マハ
maha	万葉
mahito	眞人
mahito	真人
mahito	磨人
maika	舞佳
maika	舞夏
maika	舞歌
maika	舞花
maika	舞華
maika	舞香
maika	苺花
maika	麻衣香
maikarute	マイカルテ
maine	舞音
maino	舞野
maitani	舞谷
maito	舞斗
maka	真花
makaino	馬飼野
makara	真柄
makino	槇野
makino	槙野
makino	牧田
makino	蒔野
makioka	牧岡
makitani	牧谷
makito	槙人
makito	牧人
makito	牧戸
makito	蒔人
makiya	牧谷
makiyo	万聖
makiyo	真清
makoto	マコト
makoto	一
makoto	一実
makoto	丹
makoto	亮
makoto	仁
makoto	信
makoto	信人
makoto	允
makoto	充
makoto	孚
makoto	実
makoto	寔
makoto	尊
makoto	心
makoto	忠
makoto	忱
makoto	恂
makoto	情
makoto	惇
makoto	愼
makoto	慎
makoto	最
makoto	洵
makoto	淳
makoto	理
makoto	眞
makoto	眞人
makoto	眞琴
makoto	真人
makoto	真実
makoto	真珠
makoto	真理
makoto	真琴
makoto	真言
makoto	真誠
makoto	睦
makoto	精
makoto	純
makoto	良
makoto	詢
makoto	誠人
makoto	諒人
makoto	麻琴
makuni	真国
mamiya	マミヤ
mamiya	馬宮
mamiya	麻宮
mamoritani	守谷
manaka	愛加
manaka	愛花
manaka	眞中
manaka	真中
manaka	真仲
manaka	真花
manaka	間仲
manato	愛斗
manaya	愛也
mane	マネ
manha	万羽
mannaka	満仲
manno	萬野
mano	マノ
mano	眞野
mantani	萬谷
manto	万戸
maoka	真岡
maoto	真音
mareni	希
marianne	マリアンネ
mariini	マリーに
mariino	マリーの
mariino	マリーノ
marika	万里香
marika	毬花
marika	真梨香
marika	真里花
marika	茉莉花
marika	茉莉香
marika	鞠花
marika	麻里佳
marika	麻里香
marino	茉莉乃
mariya	マリヤ
mariya	毬谷
mariya	真里谷
maroka	丸岡
maruchino	マルチノ
maruha	丸芳
maruka	丸加
marukane	丸金
marukuni	丸国
marumine	丸峰
marumiya	丸宮
marumo	丸毛
marumo	丸茂
marumono	丸物
marumoto	丸元
maruni	丸二
maruoka	円丘
maruoka	圓岡
marutaka	丸高
marutani	丸谷
maruto	丸戸
maruwaka	丸若
maruya	丸家
maruya	丸谷
maruya	円谷
masadate	正立
masae	まさ江
masae	マサエ
masae	政恵
masae	政栄
masae	政江
masae	昌枝
masae	昌江
masae	正恵
masae	正枝
masae	正江
masae	理恵
masae	芳恵
masae	芳枝
masae	雅恵
masae	雅枝
masae	雅江
masaka	優佳
masaka	正香
masaka	真坂
masaka	雅香
masakane	斉加年
masakiyo	政清
masakiyo	正清
masakiyo	真聖
masakiyo	雅清
masakoto	政言
masakoto	正言
masamine	正峰
masamiya	正宮
masamune	昌宗
masanaga	正長
masanaga	雅永
masanaka	正中
masane	雅音
masano	政野
masano	正野
masaoka	政岡
masataka	仁孝
masataka	優孝
masataka	将孝
masataka	将誉
masataka	将隆
masataka	政崇
masataka	政貴
masataka	政高
masataka	昌敬
masataka	昌高
masataka	正堯
masataka	正尭
masataka	正崇
masataka	正敬
masataka	真尚
masataka	真敬
masataka	真聖
masataka	真隆
masataka	雅孝
masataka	雅崇
masataka	雅敬
masataka	雅隆
masatane	昌胤
masatane	正胤
masato	マサト
masato	万里
masato	優人
masato	優斗
masato	允人
masato	公人
masato	勇人
masato	勝人
masato	勝豊
masato	匡人
masato	壮人
masato	将人
masato	将斗
masato	將人
masato	征人
masato	政人
masato	政登
masato	方人
masato	昌人
masato	昌登
masato	正人
masato	正斗
masato	正登
masato	正都
masato	理人
masato	眞人
masato	眞斗
masato	真人
masato	真佐人
masato	真悟
masato	真敏
masato	真斗
masato	真智
masato	真登
masato	真翔
masato	真郷
masato	真里
masato	萬里
masato	誠人
masato	賢人
masato	雅人
masato	雅仁
masato	雅斗
masato	雅登
masato	魔裟斗
masatomo	政友
masatomo	政智
masatomo	政朝
masatomo	政知
masatomo	正倫
masatomo	正智
masatomo	正朋
masatomo	正朝
masatomo	正知
masatomo	理智
masatomo	雅友
masatomo	雅智
masatoyo	政豊
masatoyo	昌豊
masatoyo	正豊
masatsune	政恒
masatsune	政経
masatsune	正常
masatsune	正恒
masatsune	正経
masatsune	雅経
masaya	マサヤ
masaya	優也
masaya	勝也
masaya	匡也
masaya	匡哉
masaya	将也
masaya	将哉
masaya	将弥
masaya	将矢
masaya	政也
masaya	政哉
masaya	昌也
masaya	昌哉
masaya	昌弥
masaya	晶也
masaya	柾谷
masaya	正也
masaya	正哉
masaya	正家
masaya	正弥
masaya	正矢
masaya	眞也
masaya	真也
masaya	聖也
masaya	誠也
masaya	雅也
masaya	雅哉
masaya	雅弥
masaya	雅矢
masayo	まさ代
masayo	マサヨ
masayo	匡代
masayo	政代
masayo	昌世
masayo	昌代
masayo	正世
masayo	正代
masayo	真代
masayo	聖代
masayo	雅世
masayo	雅代
masayori	政頼
masayori	正因
masayori	正順
masayori	正頼
mashimo	眞下
mashimo	真下
mashimo	真霜
mashimo	間下
mashimoto	増本
mashino	増野
mashioka	増岡
masudaya	増田屋
masuga	増賀
masuga	曽我
masumo	増毛
masumo	増茂
masumoto	升本
masumoto	桝元
masumoto	益本
masumoto	舛本
masunaga	升永
masuno	升野
masuno	増野
masuno	枡野
masuno	桝野
masuoka	増岡
masuoka	益岡
masuoka	舛岡
masutani	増谷
masutani	桝谷
masuto	益戸
masuya	増矢
masuya	増谷
masuya	枡屋
masuya	桝谷
masuya	舛屋
masuyo	マスヨ
masuyo	益世
masuyo	益代
mataka	真高
matano	亦野
matano	股野
mato	馬渡
matono	真野
matoya	的野
matsudaka	松高
matsudate	松舘
matsuga	松賀
matsuha	松羽
matsuiha	松井派
matsuka	松家
matsuka	松香
matsukiyo	松清
matsukoto	松琴
matsumine	松峯
matsunagane	松長根
matsuno	松乃
matsuno	松之
matsunoya	松野屋
matsuoka	松丘
matsuoka	松岳
matsuokayo	松尾嘉代
matsurika	祭花
matsutaka	松高
matsutaka	松鷹
matsutani	松谷
matsuto	松人
matsuto	松戸
matsutomo	松友
matsuya	松也
matsuya	松家
matsuyo	マツヨ
matsuyo	松代
mattouya	松任谷
maya	マヤ
maya	摩弥
maya	真也
maya	真夜
maya	真家
maya	真弥
maya	真彩
maya	真矢
maya	真耶
maya	真野
maya	舞弥
maya	舞耶
maya	茉弥
maya	茉耶
maya	魔夜
maya	麻也
maya	麻弥
maya	麻椰
maya	麻矢
maya	麻耶
mayo	万世
mayo	万代
mayo	万葉
mayo	真世
mayo	真代
mayo	真夜
mayo	麻世
mayo	麻代
mayoiga	迷い家
mayori	真頼
mayuka	真由佳
mayuka	真由香
mayuka	繭香
mayuka	麻友香
mayuka	麻由佳
mayuka	麻由香
medaka	目高
meguriya	廻谷
meika	明夏
meika	明華
meika	明霞
meika	明香
memoto	根本
memoto	目本
mende	面出
menno	面ノ
meno	目野
mente	面手
meshino	飯野
metaka	目高
mibune	御船
mibuno	壬生
michika	実愛
michika	望愛
michika	美愛
michika	美智香
michika	道香
michimiya	道宮
michine	道根
michino	道野
michioka	道岡
michitaka	倫卓
michitaka	通明
michitaka	通隆
michitane	行胤
michito	三千人
michito	道人
michito	道登
michito	道都
michiya	倫也
michiya	理也
michiya	美智也
michiya	道也
michiya	道哉
michiya	道家
michiya	道弥
michiyo	みち代
michiyo	ミチヨ
michiyo	三千代
michiyo	三知代
michiyo	倫世
michiyo	倫代
michiyo	実千代
michiyo	理世
michiyo	美千代
michiyo	美智代
michiyo	美知代
michiyo	路代
michiyo	通世
michiyo	通代
michiyo	道世
michiyo	道代
midoriya	緑谷
mieno	三重野
migumo	三雲
miha	美波
mihaya	美早
mika	ミカ
mika	三佳
mika	三夏
mika	三花
mika	三香
mika	味香
mika	実佳
mika	実加
mika	実夏
mika	実果
mika	実花
mika	実華
mika	実香
mika	弥香
mika	未佳
mika	未夏
mika	未果
mika	未花
mika	未華
mika	未香
mika	海夏
mika	珠花
mika	美伽
mika	美佳
mika	美加
mika	美可
mika	美嘉
mika	美夏
mika	美果
mika	美歌
mika	美花
mika	美華
mika	美賀
mika	美雅
mika	美霞
mika	美香
mikamo	三鴨
mikamoto	三家本
mikane	三金
mikiha	三木派
mikito	幹人
mikito	樹人
mikiya	三木屋
mikiya	三木谷
mikiya	三起也
mikiya	幹也
mikiya	幹弥
mikiya	未来也
mikiyo	幹代
mikoto	水琴
mikuni	三九二
mikuni	三國
mikuni	美国
mikuni	見国
mikuniya	三国屋
mikuniya	三國屋
mikuya	御厨
mimizuka	耳塚
mimune	三棟
minaga	三永
minaide	南出
minamidaka	南高
minamidate	南舘
minamiha	南羽
minamino	南濃
minamiootani	南大谷
minamitaka	南高
minamitani	南谷
minamiya	南谷
minamizaka	南坂
minamizato	南里
minamoto	ミナモト
minamoto	水元
minamoto	水本
minamoto	皆元
minamoto	皆本
minasaka	宮坂
minato	津
minato	源
minato	美奈都
minatono	港野
minatoya	港屋
minatoya	湊屋
minatoya	湊谷
minayo	美奈代
minde	南出
mine	三子
mine	岸
mine	美根
mine	美音
mineno	峯野
mineno	峰野
mineoka	嶺岡
minetani	峰谷
mineya	峰谷
mino	簔
mino	美乃
minoha	箕輪
minomo	箕面
minote	蓑手
minto	民人
mioka	味岡
mioka	美丘
mioni	三鬼
miono	澪乃
miraano	ミラーノ
miriya	ミリヤ
miruno	見ル野
miruno	見野
misae	ミサエ
misae	美佐枝
misae	美佐江
misae	美冴
misae	美彩
misaka	ミサカ
misaka	見坂
misano	ミサノ
misato	実里
misato	弥里
misato	未智
misato	未里
misato	美慧
misato	美聖
misato	美聡
misato	見里
misawo	ミサヲ
misawo	操
misawo	節
misono	味園
misono	御苑
misuno	水野
mitaka	美高
mitane	三種
mitani	ミタニ
mitani	味谷
mitani	深谷
mitani	見谷
mitate	三立
mitate	御立
mito	三津
mito	三登
mito	未途
mito	未都
mito	美兎
mito	美登
mitomo	三友
mitomo	御供
mitoya	水戸屋
mitsuha	光葉
mitsuka	三塚
mitsuka	三津家
mitsuka	蜜花
mitsukane	光金
mitsukane	満兼
mitsumine	光峰
mitsumiya	三宮
mitsunaga	光永
mitsunaga	光長
mitsunaga	満永
mitsunaka	光中
mitsunaka	満仲
mitsune	三根
mitsune	光音
mitsune	躬恒
mitsuni	三二
mitsuno	三野
mitsuno	光野
mitsuoka	ミツオカ
mitsuoka	三岡
mitsuoka	光丘
mitsuoka	満岡
mitsuoni	三鬼
mitsutaka	三孝
mitsutaka	充孝
mitsutaka	充隆
mitsutaka	光孝
mitsutaka	光貴
mitsutaka	光隆
mitsutaka	光高
mitsutaka	満隆
mitsutane	光胤
mitsutani	三ツ谷
mitsutani	三津谷
mitsutani	光谷
mitsutani	満谷
mitsutani	蜜谷
mitsuto	三戸
mitsuto	光人
mitsutomo	光友
mitsutomo	光朝
mitsuwaka	満若
mitsuwo	光夫
mitsuwo	光雄
mitsuya	ミツヤ
mitsuya	三ッ矢
mitsuya	三也
mitsuya	三屋
mitsuya	三津家
mitsuya	三津谷
mitsuya	三谷
mitsuya	光也
mitsuya	光哉
mitsuya	光弥
mitsuya	光矢
mitsuya	満也
mitsuyo	ミツヨ
mitsuyo	三世
mitsuyo	三代
mitsuyo	充代
mitsuyo	光世
mitsuyo	光代
mitsuyo	満代
mitsuyo	美津代
mitsuyori	光頼
miuraya	三浦屋
miwaka	美若
miwano	箕輪
miya	ミヤ
miya	三矢
miya	実也
miya	美也
miya	美八
miya	美哉
miya	美夜
miya	美屋
miya	美弥
miya	美耶
miyabiya	雅屋
miyabuto	宮太
miyadate	宮館
miyade	宮出
miyagawasae	宮川紗江
miyane	宮根
miyaoka	宮岡
miyataka	宮高
miyatate	宮舘
miyatate	宮館
miyato	宮都
miyayo	宮代
miyazaka	宮阪
miyo	ミヨ
miyo	三世
miyo	三代
miyo	三四
miyo	実代
miyo	己代
miyo	巳代
miyo	現代
miyo	美与
miyo	美世
miyo	美代
miyo	美代子
miyo	美夜
miyo	美寿
miyo	美陽
miyoshino	三吉野
miyoshino	三好野
miyoshino	三芳野
mizote	溝手
mizude	水出
mizuha	ミズハ
mizuha	水羽
mizuha	水葉
mizuha	瑞葉
mizuhaya	水速
mizuide	水出
mizuka	三塚
mizuka	水花
mizuka	水華
mizuka	水香
mizuka	瑞佳
mizuka	瑞花
mizuka	瑞華
mizuka	瑞香
mizuka	見塚
mizukuni	水国
mizunaga	水永
mizunaga	水長
mizune	水音
mizuno	水埜
mizuno	瑞乃
mizuno	瑞野
mizuno	美津濃
mizunoya	水谷
mizunoya	水野谷
mizuoka	水岡
mizutaka	水高
mizutani	ミズタニ
mizuto	水戸
mizuto	水登
mizuya	水谷
mizuyo	水代
mizuyo	瑞代
mochino	望野
mochiyo	持世
moeka	モエカ
moeka	萌佳
moeka	萌加
moeka	萌夏
moeka	萌果
moeka	萌歌
moeka	萌花
moeka	萌華
moeka	萌香
moeno	萌乃
mogamiya	最上屋
moka	萌夏
moka	萌歌
moka	萌花
moka	萌華
moka	萌香
mokuhito	目等
mokurai	黙雷
mokuya	木屋
momijiya	紅葉谷
momino	樅野
momo	百
momo	百々
momo	萌々
momoka	もも香
momoka	モモカ
momoka	桃佳
momoka	桃加
momoka	桃夏
momoka	桃果
momoka	桃歌
momoka	桃花
momoka	桃華
momoka	桃香
momoka	百々花
momoka	百々香
momoka	百佳
momoka	百加
momoka	百夏
momoka	百家
momoka	百花
momoka	百華
momoka	百香
momoka	萌々果
momoka	萌々花
momoka	萌々香
momonaga	百永
momone	百音
momono	桃野
momooka	百岡
momotani	桃谷
momoto	百戸
momoya	桃也
momoya	桃谷
momoyo	桃世
momoyo	桃代
momoyo	百世
momoyo	百代
monde	門出
mone	百音
monnaka	門中
monno	夢野
monno	門野
mononobeno	物部
monto	文人
mooga	モーガ
moreno	モレノ
moridono	守殿
morieto	森絵都
moriga	森賀
morika	守家
morimiya	守宮
morimoto	杜本
morinaka	守中
morino	守野
morioka	守岡
morioka	森丘
morioka	盛田
morioka	諸岡
moritaka	守孝
moritaka	守隆
moritaka	守高
moritaka	森高
moritaka	盛隆
moritaka	盛高
moritani	守谷
moritani	森谷
morito	守人
morito	杜人
morito	盛人
morito	衛人
morito	護人
moritomo	守友
moriya	守也
moriya	守家
moriya	守矢
moriya	森家
moriya	森矢
moriya	森野
moriya	洩矢
moriya	盛家
moriyo	盛世
moroha	諸葉
morone	諸根
motani	藻谷
moto	望都
motochika	元近
motochika	基親
motodani	元谷
motodate	本舘
motodate	本館
motode	本出
motoha	本葉
motoka	元日
motoka	初佳
motomine	本峰
motonaga	元命
motonaga	本永
motonaka	元中
motonaka	本中
motono	元野
motooka	本岡
motooya	元親
motoya	元也
motoya	元哉
motoya	元家
motoya	元弥
motoya	元彌
motoya	元谷
motoya	本屋
motoya	本矢
motoya	本谷
motoyo	元代
motoyo	基世
mouno	毛野
moyo	茂世
mugitani	麦谷
mugiya	麦屋
mugiya	麦谷
mukaidani	向谷
mukaiya	向谷
mumetani	室谷
munetaka	宗貴
munetaka	宗高
muneto	ムネト
muneto	宗人
munetomo	棟朝
muneyo	宗代
muno	武野
murakoso	村社
muraoka	ムラオカ
murasaka	村坂
murasato	村里
murashimo	村下
murasoto	村外
murataka	村高
muratani	村谷
murate	村手
muraya	村屋
murodate	室舘
muroga	室賀
murono	室野
muroya	室谷
musaka	六平
mutaka	六平
mutsuno	陸野
mutsuyo	睦代
myouga	明日
myouga	明賀
myouha	妙葩
myouno	名野
nabeno	鍋野
nadani	名谷
nade	名手
nade	撫
naga	呂
naga	酉
nagadani	永谷
nagahamaya	長浜屋
nagakiyo	永清
nagakiyo	長清
nagamine	永峯
nagamine	永峰
nagamine	長峯
nagamiya	永宮
nagani	永仁
nagano	永納
nagaoka	ナガオカ
nagaoka	永丘
nagasaka	永坂
nagasaka	長阪
nagasato	永里
nagataka	長高
nagatane	長胤
nagatani	ナガタニ
nagataya	永田屋
nagate	永手
nagato	ナガト
nagato	永人
nagato	永利
nagato	永戸
nagato	長人
nagatomo	永友
nagatomo	長友
nagatsuka	永塚
nagatsuka	永束
nagatsune	永常
nagatsune	長常
nagaya	永冶
nagaya	永谷
nagaya	永野
nagaya	長家
nagaya	長野
nagayo	永代
nagayo	長世
nagayo	長與
nagayo	長興
nagazuka	長束
nagino	梛野
nagoya	名児耶
nagoya	名越
nagoya	那古屋
nagoya	那古野
nagumo	ナグモ
nagumo	名雲
naitani	内谷
naka	半
naka	名嘉
naka	奈加
naka	尾
naka	菜花
nakadani	仲谷
nakadate	中舘
nakadate	中館
nakaga	中川
nakahodo	仲程
nakaide	中出
nakaine	中稲
nakakuni	中国
nakakuni	中國
nakamine	中峯
nakamiya	中宮
nakamo	中面
nakamoto	ナカモト
nakamoto	仲基
nakamurakento	中村健人
nakamuraya	中村家
nakane	仲根
nakani	中二
nakano	中埜
nakano	中納
nakano	仲埜
nakano	仲野
nakano	沖野
nakano	長野
nakaoka	仲岡
nakaone	中尾根
nakasato	仲里
nakashika	中鹿
nakashimo	中下
nakashizuka	中静
nakasone	ナカソネ
nakasone	中曾根
nakasono	中園
nakataka	中高
nakatani	ナカタニ
nakatani	仲谷
nakatasae	中多紗江
nakatate	中館
nakataya	中田屋
nakato	中戸
nakato	中登
nakato	中都
nakato	長門
nakatsuka	中務
nakatsuka	中司
nakatsuka	長塚
nakatsune	中垣
nakatsune	中常
nakaya	ナカヤ
nakaya	中家
nakaya	中弥
nakaya	中矢
nakaya	仲屋
nakaya	仲谷
nakazaka	中坂
nakazato	中郷
nakazuka	中務
nakazuka	中塚
nakono	那古野
nakoso	名古曽
nakoya	名古屋
namito	波人
nanaha	七葉
nanaka	七夏
nanaka	七菜香
nanaka	七香
nanaka	奈々香
nanaka	菜々花
nanaka	菜々香
nanakuradake	七倉岳
nanamiya	七宮
nanano	七野
nanashino	七篠
nanatani	七谷
nangouya	南郷谷
nankumo	南雲
nanno	南野
nano	菜乃
naoka	尚香
naoka	真香
naokiyo	直清
naomine	高峰
naomoto	尚玄
naomoto	猶本
naomoto	直元
naono	直野
naotaka	尚孝
naotaka	尚敬
naotaka	尚貴
naotaka	直毅
naotaka	直高
naotani	直谷
naoto	ナオト
naoto	如一
naoto	尚人
naoto	尚斗
naoto	尚登
naoto	直人
naoto	直斗
naoto	直登
naoto	菜音
naotomo	尚友
naotomo	直友
naotomo	直朝
naotomo	直知
naoya	ナオヤ
naoya	尚也
naoya	尚哉
naoya	尚弥
naoya	直也
naoya	直哉
naoya	直矢
naoya	直谷
naoyo	尚代
naoyo	直世
naraoka	奈良岡
naraoka	楢岡
narasaka	奈良坂
narikiyo	成清
narikiyo	斉清
naritaka	成隆
naritaka	成高
naritaka	斉荘
narito	成人
naruchika	愛親
narudaka	鳴高
naruka	鳴鹿
narukiyo	成清
narumiya	ナルミヤ
narumiya	成宮
narumiya	鳴宮
narumo	成毛
narumoto	成本
naruoka	成岡
narutaka	鳴高
naruto	成人
naruto	鳴戸
naruya	成哉
nasaka	名阪
nasuno	奈須野
nasuno	那須
nasuno	那須野
nataka	名高
natani	名谷
natani	那谷
nate	名手
natsuha	夏葉
natsuka	名塚
natsuka	夏佳
natsuka	夏加
natsuka	夏花
natsuka	夏香
natsuka	長束
natsumeya	夏目家
natsune	夏音
natsuno	夏乃
natsuno	夏野
natsuya	夏也
natsuyo	夏世
natsuyo	夏代
natsuyo	夏夜
natsuyo	奈津代
nawate	繩手
nawo	ナヲ
naya	奈也
naya	納谷
naya	菜屋
nayori	名和
nekono	猫野
nene	ネネ
nene	寧々
nene	寧寧
nene	祢々
nene	禰々
nene	音々
nene	音子
nene	音音
netani	根谷
neya	根矢
nibutani	丹生谷
nibuya	丹生谷
niha	丹羽
niide	新出
niide	西出
niino	新納
niitaka	ニイタカ
niiya	新谷
nika	仁香
nikkuni	新国
nikkuni	新國
nikuni	二国
nioka	二岡
nishidate	西舘
nishidono	西殿
nishiide	西出
nishika	西加
nishikane	西金
nishikito	錦戸
nishikiya	錦野
nishikuni	西国
nishikuni	西國
nishimine	西峯
nishimuraya	西村屋
nishinaga	西永
nishino	西ノ
nishino	西乃
nishino	西埜
nishino	西濃
nishioka	西岳
nishitani	西渓
nishitate	西立
nishitate	西舘
nishitate	西館
nishite	西手
nishitsuka	西塚
nishiya	西矢
nishiyori	西依
nishiyori	西寄
nitani	二谷
nittono	入戸野
niwano	丹野
niwaya	庭屋
niya	仁也
nobuchika	信近
nobukiyo	信清
nobuoka	信岡
nobuoka	延岡
nobutaka	伸孝
nobutaka	伸隆
nobutaka	伸高
nobutaka	信尚
nobutaka	信教
nobutaka	信貴
nobutaka	信高
nobutaka	展隆
nobutaka	延隆
nobutaka	順孝
nobutane	信種
nobuto	伸人
nobuto	信人
nobuto	展人
nobuya	伸也
nobuya	伸哉
nobuya	伸弥
nobuya	伸矢
nobuya	信也
nobuya	信哉
nobuya	宣也
nobuya	展也
nobuya	暢也
nobuyo	のぶ代
nobuyo	信代
nobuyo	啓代
nobuyori	信頼
nochide	後出
nodake	野嶽
nodani	野谷
noha	野波
noide	野出
nojika	野鹿
nomo	野茂
nonaga	野永
nonaka	農中
nonaka	野仲
nono	野々
nonoka	野々花
nonoka	野乃花
norika	法華
norika	紀佳
norika	紀花
norika	紀華
norika	紀香
norikane	規矩
norioka	徳岡
noritaka	典隆
noritaka	憲剛
noritaka	憲隆
noritaka	紀孝
noritaka	規孝
noritani	乗谷
norito	ノリト
norito	憲人
norito	智人
noriya	典也
noriya	憲也
noriya	紀哉
noriyo	典代
noriyo	紀世
noriyo	紀代
noriyori	範頼
noruka	ノルカ
nosato	野里
note	ノテ
note	野手
noto	ノト
noto	能戸
noto	衲
notomo	野友
notoya	能登屋
notoya	能登谷
nouno	南野
nouno	濃野
nouno	能野
nouto	能登
nouya	納谷
nouzuka	能塚
noya	野谷
noyori	野寄
nukaga	額賀
nukariya	忽滑谷
numano	沼野
nunodani	布谷
nunotani	布谷
nunoya	布谷
nyuuya	入谷
obane	尾羽
obane	尾羽根
obiya	帯谷
odaka	小髙
odaka	織田家
odani	男谷
odano	小田野
odate	小達
odate	尾立
odate	尾館
ofuto	オフト
ogamo	小鴨
ogane	大金
ogawaya	小川家
ogino	オギノ
ogino	萩野
ogiya	扇谷
ogiya	荻谷
ogumo	小雲
oiide	生出
oitate	追立
oite	追手
ojika	オジカ
ojika	男鹿
okamine	岡峰
okamiya	岡宮
okane	岡根
okaneya	岡根谷
okano	オカノ
okano	丘野
okano	岡埜
okanoya	岡ノ谷
okanoya	岡谷
okasaka	岡坂
okashimo	岡下
okatani	岡谷
okato	岡戸
okato	陸斗
okazakiya	岡崎屋
okeya	桶谷
okimiya	沖宮
okinaga	冲永
okinaga	沖永
okinaga	翁長
okinaka	冲中
okinaka	沖中
okinaya	翁家
okino	オキノ
okino	興野
okino	荻野
okito	興人
okiya	沖矢
okiya	隠家
okude	奥出
okudono	奥殿
okuha	奥羽
okuide	奥出
okumiya	屋宮
okunaga	奥永
okunaga	奥長
okunaka	奥仲
okuni	小国
okuni	小國
okuni	阿国
okuno	オクノ
okuno	奥ノ
okuno	奥乃
okuno	奥埜
okuno	奧野
okuno	屋野
okusaka	奥坂
okutaka	奥高
okutani	奥谷
okuya	奥家
okuya	奥矢
okuya	奥谷
omine	小峯
omino	小美濃
omino	小美野
omito	臣人
omiya	厳
omodaka	面高
omodani	面谷
omode	面出
omoide	思出
omotaka	面高
omotani	面谷
omote	俵
omote	面白
omoteya	表屋
omoto	尾本
omoto	於本
omoto	梶本
omoya	重家
omoya	面屋
onaga	女形
onaga	小長
onidake	鬼武
onmaya	御厩
onno	御野
onoka	小野家
onomiya	小野宮
onoya	斧谷
oobane	大羽
oobuka	大深
oobuto	大太
oodate	大建
oode	大出
oodomo	大伴
oodoyo	大豊
oofude	大筆
ooga	オオガ
ooga	多賀
ooga	大我
ooga	大河
ooga	大賀
ooga	大鹿
ooga	太賀
ooga	鉅鹿
oogane	大兼
oogane	大金
oogitani	扇谷
oogiya	扇屋
oogiya	扇谷
ooguroya	大黒屋
ooha	大葉
oohide	大秀
oohino	大日野
ooiwane	大岩根
ooka	大加
ooka	大可
ooka	大嘉
ooka	大家
ooka	大岡
ooka	大賀
ooka	鉅鹿
ookane	大金
ookoso	大社
ookumo	大蜘蛛
ookumo	大雲
ookuni	大国
ookuni	大國
oomika	大亀
oomika	大美賀
oomiya	大光明
oomiya	近江屋
oomo	大雲
oomune	大棟
oonaga	大永
oonaga	大長
oonaka	大仲
oone	大音
ooni	大二
oono	オオノ
oono	多
oono	大埜
oono	青野
oonoya	大野屋
oonuka	大額
oooto	大音
oosaka	大幸
oosaka	逢坂
oosakaya	大坂屋
ooshimaya	大島屋
ooshimo	大下
ooshimo	大霜
oosuga	大菅
ootaka	大貴
ootaka	大隆
ootaka	大雄
ootaka	大髙
ootaka	大鷹
ootaka	太高
ootakara	大宝
ootakeno	大竹野
ootani	大渓
ootani	大溪
ootaniha	大谷派
ootate	大建
ootate	大楯
ooto	大図
ooto	大都
ootomo	オオトモ
ootomo	大伴
ootomo	大巴
ootomo	大知
ootsuka	オオツカ
ootsuka	大槻
ootsune	大常
ootsune	大曽根
ootsuno	大津
ootsuno	大角
ootsuya	大津屋
oowaka	大若
ooya	大宅
ooya	大弥
ooya	大野
ooya	太谷
ooya	小屋
ooyane	大屋根
ooyane	大矢根
ooyori	大依
oozuno	大角
origane	折金
orika	織花
orika	織香
orikane	折金
orikane	織金
orimo	折茂
orimo	織茂
orimoto	折元
orimoto	織元
orino	折野
orito	織人
orito	織戸
oriya	織屋
oroka	魯
osaka	小阪
osaka	忍坂
osaka	長坂
osano	小佐野
osato	大里
osato	緒里
osaya	長屋
oshaka	御釈迦
oshidani	押谷
oshika	男鹿
oshimoto	押元
oshimoto	押本
oshino	小篠
oshitani	押谷
oshiya	押谷
osone	小曽根
osono	オソノ
osono	小薗
otabiya	御旅屋
otaka	大高
otaka	尾高
otani	男谷
otani	雄谷
otano	小田野
otobane	音羽
otoha	オトハ
otoha	乙葉
otoha	音波
otohane	乙羽
otoide	音出
otokuni	乙州
otone	音寧
otono	音野
otosaka	乙坂
otoya	オトヤ
otoya	音弥
otsuka	大塚
otsuka	小塚
otsukoso	乙社
otsuno	乙野
ouga	桜香
ouga	王賀
ouga	相賀
ougino	扇野
ougiya	扇谷
ouha	王覇
ouka	凰華
ouka	王華
oumaya	御厩
oumiya	大宮
oumiya	近江屋
oumiya	近江谷
ouno	王野
outouha	王党派
ouya	王谷
oyano	小谷野
ozono	尾園
ozono	御園
peruka	ペルカ
piito	ピート
porupotoha	ポル・ポト派
poto	ポト
raino	来野
raito	来兎
rakuka	楽家
rakuya	楽家
ramonto	ラモント
ranka	蘭香
ranno	蘭乃
reika	レイカ
reika	伶香
reika	怜花
reika	怜華
reika	怜香
reika	澪花
reika	玲佳
reika	玲可
reika	玲夏
reika	玲花
reika	玲華
reika	玲香
reika	礼華
reika	礼香
reika	鈴華
reika	鈴香
reika	霊華
reika	麗佳
reika	麗加
reika	麗夏
reika	麗花
reika	麗華
reika	麗香
reino	玲乃
reino	麗乃
reirani	レイラに
reito	黎人
reiya	怜也
reiya	玲也
reiya	玲哉
reiya	礼弥
reiya	麗也
renga	蓮花
renka	連科
riga	李賀
riiberuto	リーベルト
riide	リーデ
rika	利佳
rika	利加
rika	利花
rika	利華
rika	利香
rika	李佳
rika	梨佳
rika	梨加
rika	梨夏
rika	梨果
rika	梨花
rika	梨華
rika	梨香
rika	理佳
rika	理加
rika	理化
rika	理夏
rika	理花
rika	理華
rika	理香
rika	璃香
rika	莉佳
rika	莉加
rika	莉花
rika	莉華
rika	莉香
rika	里佳
rika	里加
rika	里和
rika	里夏
rika	里果
rika	里歌
rika	里花
rika	里華
rika	里香
rika	麗花
rikika	力価
rikito	力人
rikito	力斗
rikiya	リキヤ
rikiya	力也
rikiya	力哉
rikiya	力弥
rikiya	力矢
rikuno	陸野
rikuto	陸人
rikuto	陸斗
rikuya	陸也
rinha	琳派
rinka	凛佳
rinka	凛花
rinka	凛華
rinka	凛香
rinka	梨花
rinkaato	リンカート
rinne	凛音
rinne	林音
rinno	凛乃
rino	リノ
rino	梨乃
rino	理乃
rino	璃乃
rino	莉乃
rino	里乃
rioka	利岡
ritsuto	律人
riune	李恩恵
riya	里矢
riyo	理世
riyo	理代
roka	蘆花
roka	路可
rokutani	鹿谷
ruito	塁斗
ruiya	類家
rurika	ルリカ
ruuga	ルーガ
ruuruka	ルー・ルカ
ruusuto	ルースト
ryouga	リョウガ
ryouga	涼雅
ryouga	遼河
ryouka	廖化
ryouka	涼花
ryouka	涼華
ryouka	涼香
ryouka	良化
ryouno	良野
ryouno	龍野
ryouya	亮也
ryouya	亮哉
ryouya	凌也
ryouya	凌矢
ryouya	怜也
ryouya	涼也
ryouya	稜也
ryouya	綾也
ryouya	良哉
ryouya	良弥
ryouya	諒也
ryouya	遼也
ryouya	領家
ryuuga	龍和
ryuuga	龍牙
ryuuga	龍雅
ryuuha	劉巴
ryuuka	龍華
ryuuno	竜野
ryuuno	笠野
ryuuno	龍野
ryuutani	龍谷
ryuuto	琉人
ryuuto	琉斗
ryuuto	竜斗
ryuuto	隆斗
ryuuya	リュウヤ
ryuuya	竜也
ryuuya	竜哉
ryuuya	竜弥
ryuuya	竜矢
ryuuya	隆也
ryuuya	隆矢
ryuuya	龍也
ryuuya	龍哉
ryuuya	龍弥
ryuuya	龍矢
saaya	サアヤ
saaya	佐彩
saaya	沙彩
saaya	沙綾
saaya	紗彩
saaya	紗綾
sabuto	佐太
sachika	さち花
sachika	幸花
sachika	幸華
sachika	幸香
sachika	紗愛
sachino	幸野
sachito	幸人
sachiya	幸家
sachiya	祥也
sachiya	福也
sachiyo	幸世
sachiyo	幸代
sachiyo	沙知代
sachiyo	祥世
sachiyo	祥代
sadaka	佐高
sadaka	貞香
sadakane	定兼
sadakane	定包
sadakane	定金
sadakane	貞包
sadamune	貞宗
sadani	佐谷
sadano	定野
sadano	貞野
sadaoka	定岡
sadato	貞人
sadatomo	定知
sadawo	サダヲ
sadawo	定男
sadayo	貞世
sadayo	貞代
sadayori	定頼
sadayori	貞頼
sadono	左殿
sadoya	佐渡谷
saeka	冴花
saeka	冴香
sagane	嵯峨根
sagane	相根
sagiya	鷺谷
sahane	佐羽
saiga	才賀
saiga	斎賀
saiga	西河
saiga	西賀
saiga	財賀
saiga	雑賀
saiga	雜賀
saika	彩伽
saika	彩佳
saika	彩加
saika	彩果
saika	彩歌
saika	彩花
saika	彩華
saika	彩霞
saika	彩香
saika	斉加
saika	斎賀
saika	砕花
saika	西河
saika	采花
saimiya	斎宮
saimiya	齋宮
saimo	西毛
saino	才野
saino	濱野
saino	細野
saino	菜野
saino	西野
saito	彩都
saito	才人
saka	阪
sakadani	坂谷
sakade	坂出
sakade	坂手
sakaeya	栄屋
sakaguchiya	坂口屋
sakanaka	坂中
sakanaka	阪中
sakanaya	肴屋
sakane	阪根
sakano	阪野
sakaoka	坂岡
sakatani	坂谷
sakatani	酒谷
sakatani	阪谷
sakaya	坂谷
sakaya	酒家
sakaya	酒谷
sakayo	酒寄
saketani	酒谷
sakeyori	酒寄
sakika	咲香
sakinaka	先中
sakine	咲音
sakino	咲乃
sakino	咲野
sakino	崎野
sakino	﨑野
sakitani	崎谷
sakiya	崎谷
sakuka	作家
sakunaga	作永
sakuno	作野
sakuno	咲乃
sakuno	咲野
sakuno	桜乃
sakuraha	桜羽
sakurai	桃井
sakurane	桜音
sakurane	櫻根
sakurano	桜乃
sakurano	櫻乃
sakurano	櫻野
sakuraoka	櫻岡
sakuratani	桜谷
sakuto	作人
sakuya	佐久夜
sakuya	作家
sakuya	作屋
sakuya	咲也
sakuya	咲哉
sakuya	咲夜
sakuya	咲耶
sakuya	朔也
sakuya	朔夜
sakuya	朔弥
sameya	鮫谷
samune	佐宗
samusuka	サムスカ
sanahe	早苗
sanaka	佐仲
sanaka	左中
sandaya	三田谷
sane	実
saneyori	実頼
sanga	三個
sanga	山賀
sanka	三個
sanmiya	三宮
sanni	三二
sanno	山野
sansaka	三坂
santo	三戸
santouka	山頭火
sanukiya	讃岐屋
saraya	サラヤ
saraya	更家
saraya	皿屋
sareha	サレハ
saruga	猿賀
sarutani	猿谷
saruya	猿屋
saruya	猿谷
sasade	笹出
sasae	細江
sasaha	笹葉
sasaka	佐坂
sasano	佐々野
sasano	篠野
sasaoka	笠岡
sasaoka	篠岡
sasatsuka	笹塚
sasaya	笹屋
sasuga	貴家
sataka	佐高
satani	佐谷
sato	佐登
sato	智
sato	聖
satodani	里谷
satoka	里佳
satomiya	里宮
satono	サトノ
satono	聡乃
satooka	里岡
satotani	里谷
satoushika	さとう歯科
satouya	佐藤屋
satouyuuto	佐藤勇人
satouyuuya	佐藤友哉
satoya	里屋
satoya	里谷
satoyo	里与
satsuka	佐塚
sawachika	沢近
sawachika	澤近
sawadaka	澤瀉
sawadate	沢館
sawade	沢出
sawaide	沢出
sawamiya	沢宮
sawano	澤野
sawatani	沢谷
sawatani	澤谷
sawato	澤登
sawaya	沢屋
sawaya	澤屋
saya	佐谷
saya	咲夜
saya	咲弥
saya	咲耶
saya	咲野
saya	小夜
saya	彩矢
saya	彩陽
saya	早矢
saya	早耶
saya	沙也
saya	沙夜
saya	沙弥
saya	沙矢
saya	沙耶
saya	清
saya	紗也
saya	紗弥
saya	紗椰
saya	紗矢
saya	紗綾
saya	紗耶
sayaka	さや佳
sayaka	さや香
sayaka	サヤカ
sayaka	彩
sayaka	彩也香
sayaka	快
sayaka	早矢香
sayaka	早耶香
sayaka	早香
sayaka	明香
sayaka	沙也佳
sayaka	沙也加
sayaka	沙也可
sayaka	沙也香
sayaka	沙弥佳
sayaka	沙弥香
sayaka	沙矢香
sayaka	沙耶佳
sayaka	沙耶加
sayaka	沙耶香
sayaka	涼
sayaka	清
sayaka	清佳
sayaka	清夏
sayaka	清花
sayaka	清華
sayaka	清霞
sayaka	清香
sayaka	澄
sayaka	爽
sayaka	爽香
sayaka	紗也佳
sayaka	紗也加
sayaka	紗也夏
sayaka	紗也香
sayaka	紗佳
sayaka	紗弥佳
sayaka	紗弥加
sayaka	紗弥香
sayaka	紗矢佳
sayaka	紗矢香
sayaka	紗綾香
sayaka	紗耶香
sayaka	紗花
sayaka	紗香
sayaka	香佳
sayo	サヨ
sayo	佐世
sayo	佐代
sayo	咲夜
sayo	小依
sayo	彩代
sayo	早代
sayo	沙世
sayo	沙代
sayo	沙夜
sayo	紗世
sayo	紗代
sayo	紗夜
sayori	紗由
sedaka	瀬高
sedani	瀬谷
sega	瀬賀
seiga	星河
seika	セイカ
seika	惺窩
seika	星佳
seika	星加
seika	星夏
seika	星歌
seika	星河
seika	星花
seika	星華
seika	星香
seika	晴夏
seika	清夏
seika	清歌
seika	清花
seika	清華
seika	清香
seika	聖佳
seika	聖加
seika	聖夏
seika	聖花
seika	聖華
seika	聖香
seika	西夏
seika	青華
seika	静夏
seika	静花
seika	静華
seino	制野
seino	情野
seino	正野
seino	聖乃
seino	青野
seito	星斗
seito	星飛
seito	聖斗
seito	聖都
seito	誠人
seito	青戸
seiya	征也
seiya	征哉
seiya	征矢
seiya	成也
seiya	成哉
seiya	成弥
seiya	政哉
seiya	星也
seiya	星哉
seiya	星夜
seiya	星屋
seiya	星弥
seiya	星矢
seiya	晴也
seiya	晴哉
seiya	晴矢
seiya	清也
seiya	清谷
seiya	生也
seiya	精也
seiya	聖也
seiya	聖哉
seiya	聖弥
seiya	聖矢
seiya	誓哉
seiya	誠也
seiya	誠哉
seiya	誠弥
seiya	誠矢
seiya	靖也
sejimo	瀬下
sekine	赤根
sekioka	関岡
sekitani	関谷
sekito	セキト
sekito	石戸
sekito	関戸
sekiya	石屋
sekiya	碩哉
sekiya	赤谷
sekiya	関家
sekiya	関矢
sekiya	関野
senaga	世永
senbokuya	仙北谷
sendaiya	千代屋
senga	仙河
senga	山河
senka	仙果
senka	仙花
senka	泉花
senka	銭貨
sennaka	先中
senni	仙仁
senno	千
senno	千野
seno	瀬乃
sentani	仙谷
sente	千手
serano	セラノ
serika	芹佳
serika	芹香
serino	芹野
setani	瀬谷
seto	世戸
setsuno	節乃
setsuya	哲也
setsuya	節也
setsuyo	節代
shaka	釋迦
shato	沙人
shibano	紫野
shibaoka	柴岡
shibaoka	芝岡
shibatani	柴谷
shibato	柴戸
shibaya	柴谷
shibuya	澁谷
shichimiya	七宮
shidani	四谷
shiga	シガ
shigano	志賀野
shigekiyo	重清
shigekuni	茂有
shigekuni	重国
shigekuni	重國
shigemiya	成宮
shigeno	シゲノ
shigeno	渋野
shigeno	繁野
shigeno	茂野
shigeno	重乃
shigeno	重野
shigetaka	茂隆
shigetaka	茂高
shigetaka	重孝
shigetaka	重昂
shigetaka	重貴
shigetaka	重隆
shigetaka	重高
shigetane	重胤
shigetani	重谷
shigeto	成人
shigeto	栄人
shigeto	繁人
shigeto	茂人
shigeto	茂登
shigeto	重人
shigetomo	成友
shigetomo	重友
shigetomo	重朝
shigewo	茂雄
shigeyo	茂代
shigeyori	重頼
shiiha	椎葉
shiino	椎野
shiinoha	椎葉
shiitani	椎谷
shiiya	椎屋
shika	史香
shika	志華
shika	紫香
shika	詩歌
shikamoto	鹿本
shikato	聖人
shikato	鹿戸
shikaya	鹿谷
shikine	式根
shikiya	志喜屋
shimadate	島立
shimaka	島香
shimamiya	嶋宮
shimanaga	島長
shimanaka	島仲
shimanaka	嶋中
shimane	嶋根
shimaoka	島岡
shimaoka	嶋岡
shimataka	島高
shimatani	島谷
shimatani	嶋谷
shimatsuka	島塚
shimaya	島谷
shimaya	嶋屋
shimaya	嶋谷
shimeno	〆野
shimeya	染谷
shimiya	四宮
shimizuya	清水谷
shimodate	下立
shimodate	下舘
shimode	下手
shimoide	霜出
shimono	下埜
shimono	下農
shimono	霜野
shimonoya	下野谷
shimoseya	下瀬谷
shimotaka	下高
shimote	下手
shimoto	下戸
shimoto	四元
shimoto	四本
shimoto	紙本
shimoya	下屋
shimoya	下矢
shinaga	首長
shinano	信乃
shinano	科野
shinanoya	信濃屋
shinato	階戸
shinchika	新近
shinde	シンデ
shindomo	新塘
shineha	標葉
shinga	シンガ
shinga	新加
shinha	シンハ
shinha	新羽
shinha	榛葉
shinka	新華
shinkane	信金
shinkuni	新国
shinnaga	新永
shinno	信濃
shinno	信野
shinno	森野
shinno	槙野
shinno	深野
shinno	眞野
shinno	真野
shinno	神野
shinno	秦野
shino	信乃
shino	史乃
shino	小竹
shino	志の
shino	志乃
shino	志之
shino	志野
shino	紫乃
shino	詩乃
shino	詩野
shinohe	四戸
shinotani	篠谷
shinoya	篠谷
shinsaka	新坂
shinsato	新里
shintaka	新高
shintani	新谷
shintate	新立
shintomo	新友
shintoyo	新豊
shiode	塩出
shioide	塩出
shioka	師岡
shione	汐音
shione	潮音
shiono	塩乃
shionoya	塩谷
shionoya	塩野谷
shiotani	汐谷
shiotani	潮谷
shiote	塩手
shioya	シオヤ
shioya	塩野
shioya	汐谷
shioya	潮谷
shiraaya	白綾
shirade	白出
shiraga	白神
shiraga	白鹿
shiragane	銀
shiraha	白葉
shirahane	白羽根
shiraka	白鹿
shiramine	白峯
shiramine	白嶺
shiramomo	白桃
shiramoto	白元
shiramoto	白本
shirane	白峰
shirani	白仁
shirano	志ら乃
shirano	白野
shirasuga	白須賀
shirato	白土
shirato	白都
shiraya	白矢
shiraya	白谷
shirode	白出
shirode	白手
shiroha	白羽
shiroha	白葉
shiroito	白糸
shirokumo	白雲
shiromine	白峰
shirone	白根
shirono	城之
shirono	城野
shirono	白野
shirooto	シローと
shirosaka	白坂
shirotani	城谷
shirotani	白谷
shiroto	城戸
shiroto	白戸
shiroya	城谷
shisaka	四坂
shishito	宍戸
shishiya	獅子谷
shitadani	下谷
shitade	下出
shitaka	志鷹
shitanaga	二
shitanaka	下中
shitaoka	下岡
shitaya	下屋
shite	志手
shitoto	一青
shizuka	しづか
shizuka	シズカ
shizuka	シヅカ
shizuka	志津香
shizuka	閑
shizuka	静佳
shizuka	静加
shizuka	静夏
shizuka	静花
shizuka	静華
shizuka	靜
shizuka	靜香
shizune	寧音
shizuno	静野
shizuoka	静
shizuya	シズヤ
shizuya	静也
shizuya	静弥
shizuya	静谷
shizuyo	静代
shoka	諸葛
shokuno	植野
shokuno	食野
shono	庄野
shougoto	章ごと
shouha	召波
shouha	小波
shouka	上下
shouka	咲耶
shouka	小花
shouka	尚香
shouka	昌華
shouka	松香
shouka	正嘉
shouka	生花
shouka	翔香
shouka	蕭何
shoumiya	正宮
shoune	生根
shouni	少弐
shouno	勝野
shouno	庄司
shouno	正野
shouno	笙野
shouya	勝谷
shouya	庄野
shouya	翔也
shouya	翔哉
shouya	翔矢
shuka	朱加
shuka	朱夏
shukuya	宿屋
shumiya	朱宮
shunka	春佳
shunka	春夏
shunka	春花
shunka	春華
shuno	朱乃
shunto	駿斗
shuuka	柊花
shuuto	修人
shuuto	修斗
shuuto	周人
shuuto	柊斗
shuuto	秀人
shuuya	修也
shuuya	修哉
shuuya	修弥
shuuya	周也
shuuya	周哉
shuuya	柊也
shuuya	柊哉
shuuya	柊弥
shuuya	秀也
shuuya	秀哉
shuuya	脩也
sodeno	袖野
soga	ソガ
soga	十河
sogano	蘇我
soganoya	曾我廼家
sogaya	曽谷
somaya	杣谷
someya	染矢
sone	ソネ
soni	ソニ
sonjiya	松子
sonode	園出
sonoka	園香
sorano	ソラノ
sorano	空乃
sorano	空野
sorate	空手
sorato	空人
sotani	祖谷
sotomiya	外宮
soude	早出
souga	宗我
sougumo	宗雲
souka	霜華
soukokurai	蒼国来
soumiya	宗宮
souno	奏乃
souno	宗野
souno	草野
sousono	草園
souya	ソウヤ
souya	創也
souya	壮也
souya	宗也
souya	宗哉
souya	早矢
souya	聡哉
souya	蒼也
souya	蒼夜
souya	颯也
soya	征矢
soya	祖谷
soyano	征矢野
sudaka	須高
sudate	巣立
suetaka	尾高
suetaka	末高
suga	洲
suga	管
suga	須加
sugamoto	菅本
sugane	菅根
sugane	須金
sugaya	スガヤ
sugaya	菅家
sugaya	菅屋
sugeno	菅野
suginaga	杉永
suide	水出
suiha	水巴
suika	萃香
suinaga	末永
suito	水戸
suito	水渡
sujino	筋野
sukeno	助野
sukikara	鋤柄
sukune	スクネ
sumidani	住谷
sumide	住出
sumika	すみ花
sumika	栖
sumika	澄佳
sumika	澄夏
sumika	澄花
sumika	澄香
sumika	純佳
sumika	純加
sumika	純夏
sumika	鈴美香
suminaga	住永
suminaka	角中
sumino	住野
sumino	澄乃
sumino	澄野
sumino	隅野
sumioka	住岡
sumitaka	純孝
sumitani	住谷
sumitani	墨谷
sumitani	炭谷
sumitani	角谷
sumitani	隅谷
sumito	住登
sumito	澄人
sumito	純人
sumiya	住吉
sumiya	住谷
sumiya	墨屋
sumiya	墨谷
sumiya	澄也
sumiya	炭谷
sumiya	純也
sumiya	角谷
sumiya	隅谷
sumiyo	寿美代
sumiyo	清代
sumiyo	澄代
sumiyo	純代
sumiyoshiya	住吉屋
sumomo	季
sumomo	李
sumoto	須本
sunade	沙手
sunaga	スナガ
sunaga	寿永
sunagane	砂金
sunamine	砂嶺
sunano	砂野
sunate	沙手
sunatsuka	砂塚
sunaya	砂谷
suneya	強矢
susaka	須坂
susato	寿里
sutento	ステント
suya	須谷
suzuka	すず香
suzuka	涼
suzuka	涼佳
suzuka	涼夏
suzuka	涼花
suzuka	涼華
suzuka	涼風
suzuka	涼香
suzuka	鈴夏
suzuka	鈴花
suzuka	鈴華
suzuka	鈴雅
suzuka	鈴香
suzukiharuka	鈴木遥
suzumiya	鈴宮
suzumo	鈴茂
suzune	すず音
suzune	涼音
suzune	鈴音
suzuno	涼乃
suzuno	涼野
suzuno	鈴乃
suzuno	鈴野
suzushika	鈴鹿
suzutani	鈴谷
suzuyo	鈴世
suzuyo	鈴代
tabitomo	旅友
tabuto	田太
tachibanaya	橘家
tachino	舘野
tachino	館野
tachiya	立谷
tadamine	忠岑
tadanaoto	多田直人
tadani	田谷
tadano	但野
tadano	唯野
tadano	多田野
tadasato	忠智
tadato	忠人
tadato	正人
tadatomo	只友
tadayo	忠世
tadayori	忠順
tadayori	忠頼
tadayoshiha	直義派
taga	田賀
tagano	多賀野
tagatani	多賀谷
tagaya	多ケ谷
tagaya	多賀谷
tagaya	達谷窟
tagoto	田毎
taide	田出
taiga	大夏
taiga	大我
taiga	大牙
taiga	大翔
taiga	大芽
taiga	大雅
taiga	太河
taiga	太牙
taiga	太賀
taiga	太雅
taiga	泰河
taiga	泰雅
taika	太華
taito	帯人
taito	汰斗
taito	泰斗
tajika	田鹿
taka	多か
taka	多伽
taka	多佳
taka	多加
taka	多嘉
taka	多香
taka	孝
taka	崇
taka	誉
taka	貴
taka	隆
taka	駿
taka	髙
takabane	高羽
takachika	敬親
takadaha	高田派
takadake	高岳
takadate	高館
takadaya	高田屋
takade	高出
takadono	堂
takadono	楼
takaha	タカハ
takaha	鷹羽
takahane	高羽
takahashiayaka	髙橋礼華
takahide	孝英
takahide	崇秀
takahide	崇英
takahide	貴秀
takahide	貴英
takahide	隆秀
takahide	隆英
takahide	高秀
takahito	剛史
takahito	天仁
takahito	孝人
takahito	孝仁
takahito	尊仁
takahito	崇人
takahito	嵩人
takahito	嵩仁
takahito	敬人
takahito	敬仁
takahito	貴人
takahito	貴仁
takahito	隆人
takahito	隆仁
takahito	高人
takahito	高仁
takahito	鷹人
takaide	高出
takakiyo	高清
takakumo	高雲
takakuni	隆国
takakuni	隆邦
takakuni	高国
takakuni	高邦
takamine	高嶺
takamine	鷹峰
takamiya	髙宮
takamiya	鷹宮
takanaga	高永
takanaga	高長
takane	貴嶺
takane	貴音
takane	高峰
takani	高荷
takano	貴乃
takano	高乃
takano	髙野
takano	鷹乃
takanoha	鷹羽
takaoka	タカオカ
takaoka	髙岡
takaoka	鷹岡
takara	寳
takara	寶
takara	用
takasato	高里
takashika	高鹿
takashino	高篠
takasuga	高須賀
takataka	高高
takatate	高館
takate	高手
takato	タカト
takato	丘人
takato	天斗
takato	宇人
takato	尊人
takato	崇人
takato	崇斗
takato	幸人
takato	敬人
takato	貴斗
takato	高戸
takato	鷹斗
takatomo	孝友
takatomo	岳友
takatomo	高知
takatoyo	隆豊
takatsune	高経
takatsuto	高津戸
takawo	隆夫
takaya	剛也
takaya	喬也
takaya	孝也
takaya	孝哉
takaya	尚哉
takaya	峻也
takaya	崇矢
takaya	昂也
takaya	貴也
takaya	貴哉
takaya	貴弥
takaya	貴矢
takaya	隆也
takaya	隆哉
takaya	隆弥
takaya	隆矢
takaya	高也
takaya	高哉
takaya	高家
takaya	高矢
takaya	鷹也
takaya	鷹屋
takayo	孝代
takayo	貴世
takayo	貴代
takayo	隆代
takayori	太幹
takayori	高頼
takechika	剛央
takechiyo	竹千代
takedake	武田家
takedani	竹谷
takeha	竹葉
takehide	健英
takeka	竹花
takekiyo	竹清
takemika	武甕
takemine	竹峰
takemiya	武宮
takemiya	竹宮
takene	竹根
takeno	タケノ
takeno	岳野
takeno	武野
takeno	竹之
takeno	笨
takeshitaha	竹下派
taketani	武谷
taketani	竹渓
taketani	竹谷
taketo	健人
taketo	剛人
taketo	威人
taketo	岳人
taketo	岳斗
taketo	岳都
taketo	建人
taketo	武人
taketo	毅人
taketo	豪人
taketomo	武友
taketomo	武智
taketomo	竹友
takeya	タケヤ
takeya	丈弥
takeya	剛也
takeya	岳也
takeya	武也
takeya	武弥
takeya	武谷
takeya	田宅
takeya	竹家
takeya	竹弥
takeya	竹矢
takimiya	瀧宮
takino	瀧野
takioto	滝音
takioto	瀧音
takitani	瀧谷
takiya	滝屋
takiya	瀧谷
takuno	宅野
takuto	卓人
takuto	卓斗
takuto	拓人
takuto	拓土
takuto	拓斗
takuto	拓翔
takuto	拓都
takuto	琢人
takuya	タクヤ
takuya	卓也
takuya	卓哉
takuya	卓弥
takuya	卓矢
takuya	巧也
takuya	拓也
takuya	拓哉
takuya	拓弥
takuya	拓矢
takuya	拓野
takuya	琢也
takuya	琢哉
takuya	琢弥
takuya	琢矢
takuya	託也
tamadani	玉谷
tamaide	玉出
tamamine	玉峰
tamamoto	玉元
tamamoto	玉本
tamanaha	玉那覇
tamanaka	玉中
tamane	珠音
tamano	タマノ
tamano	玉の
tamano	玉乃
tamano	珠乃
tamaoka	玉岡
tamatani	玉谷
tamatsuka	玉塚
tamawo	玉緒
tamaya	玉家
tamaya	玉谷
tamaya	珠也
tamayo	たま代
tamayo	タマヨ
tamayo	圭世
tamayo	珠世
tamayo	珠代
tamayori	玉依
tameyori	為頼
tamine	田峰
tamino	田蓑
tamito	民人
tamiya	民也
tamiya	民家
tamiya	民谷
tamiyo	民代
tamoto	多元
tamoto	多本
tamoto	田元
tanaga	田永
tanaga	田長
tanagoya	名古屋
tanahe	田辺
tanaka	田仲
tanakaha	田中派
tanakaya	田中家
tanakaya	田中屋
tane	多ね
tane	種子
tanemo	種茂
tanemoto	種元
taneoka	種岡
tanetani	種谷
tanga	丹賀
tani	峪
tani	渓
tani	溪
tani	谿
tanide	谷出
taniide	谷出
tanine	谷根
tanino	谷之
tanino	谷野
tanito	タニト
tanito	谷戸
tanitomo	谷友
taniya	タニヤ
taniya	溪谷
taniya	谷家
tanka	丹下
tanomo	頼母
taoka	田岡
tarikino	他力野
taruno	樽野
taruya	樽谷
tasaka	田坂
tasaka	田阪
tasato	田里
tashimo	田下
tatamino	畳野
tatani	田谷
tatano	只野
tatano	多々納
tate	建
tate	経
tateno	建野
tateno	辰野
tateoka	立岡
tateoka	舘岡
tateya	立屋
tatsumiya	タツミヤ
tatsumiya	竜宮
tatsumiya	辰宮
tatsumiya	辰巳屋
tatsumiya	龍宮
tatsuno	タツノ
tatsuno	田角
tatsuno	辰ノ
tatsuoka	竜丘
tatsutani	龍谷
tatsuto	達人
tatsuto	龍人
tatsuto	龍斗
tatsuwo	達雄
tatsuya	タツヤ
tatsuya	樹也
tatsuya	立也
tatsuya	立哉
tatsuya	竜也
tatsuya	竜哉
tatsuya	竜弥
tatsuya	竜矢
tatsuya	竜谷
tatsuya	起也
tatsuya	辰也
tatsuya	辰哉
tatsuya	辰弥
tatsuya	辰矢
tatsuya	達也
tatsuya	達哉
tatsuya	達弥
tatsuya	達矢
tatsuya	龍也
tatsuya	龍哉
tatsuya	龍弥
tatsuya	龍矢
tatsuya	龍谷
tawaraya	俵家
tawaraya	俵矢
tawaraya	俵谷
taya	タヤ
taya	旅
taya	田矢
tayo	多代
tazuno	田角
tebaka	手計
tedate	術
teiga	定雅
teika	貞家
teino	庭野
tekino	的野
tenaga	手永
tenka	甜歌
tenmyouya	天明屋
tenno	天野
tenseiga	天生牙
tento	天渡
teraoka	テラオカ
terasaka	寺阪
terashimo	寺下
terasono	寺園
terasoto	寺外
terato	寺戸
teraya	寺家
teraya	寺屋
teraya	寺谷
teraya	照屋
teriya	照屋
teruhito	映仁
teruhito	輝一
terumoto	照元
terumoto	照本
terumoto	輝元
terumoto	輝基
teruno	輝乃
teruoka	暉峻
teruto	輝人
teruto	輝斗
teruwo	照雄
teruwo	輝雄
teruya	照哉
teruya	輝也
teruya	輝弥
teruya	輝矢
teruyo	てる代
teruyo	昭代
teruyo	照代
teruyo	輝代
tetsuka	手塚
tetsuka	手束
tetsuno	鉄野
tetsuto	哲人
tetsuwo	哲雄
tetsuya	哲哉
tetsuya	哲弥
tetsuya	哲彌
tetsuya	哲矢
tetsuya	徹也
tetsuya	徹哉
tetsuya	徹弥
tetsuya	徹矢
tetsuya	鉄也
tetsuya	鉄哉
tetsuya	鉄屋
tetsuya	鉄弥
tetsuya	鉄矢
tetsuyo	哲代
tobino	飛野
tobioka	飛岡
tobitaka	飛鷹
tochino	栩野
todate	外舘
todate	戸舘
togano	栂野
toide	都出
tokano	戸叶
tokino	時野
tokinoya	時野谷
tokioka	時岡
tokishigeyori	土岐成頼
tokitaka	時尭
tokitaka	時高
tokito	時任
tokiya	トキヤ
tokiya	季也
tokiya	時也
tokiya	時矢
tokiya	時谷
tokiyo	トキヨ
tokiyo	時代
tokiyori	時頼
tokoha	常葉
tokunaga	トクナガ
tokunaga	富永
tokunaga	德永
tokuno	徳野
tokutaka	徳高
tokutani	徳谷
tokuwaka	徳若
tokuya	徳也
tokuya	徳弥
tokuya	徳谷
tokuya	篤哉
tokuyo	トクヨ
tomano	苫野
tomeno	留野
tomidaka	冨高
tomiga	富賀
tomikuni	富国
tominaga	冨長
tomino	冨野
tomino	富乃
tomioka	豊岡
tomitaka	冨高
tomitaka	富山
tomitaka	富隆
tomitani	富谷
tomite	冨手
tomitsuka	冨塚
tomitsuka	富司
tomiya	冨谷
tomiya	富也
tomiya	富弥
tomiyo	トミヨ
tomiyo	富代
tomizuka	冨塚
tomizuka	富司
tomo	トモ
tomo	塘
tomo	智
tomo	朋
tomo	朝
tomo	知
tomo	鞆
tomochika	友親
tomoga	朝賀
tomoito	友純
tomoka	トモカ
tomoka	友佳
tomoka	友加
tomoka	友翔
tomoka	友花
tomoka	友香
tomoka	智佳
tomoka	智加
tomoka	智可
tomoka	智夏
tomoka	智翔
tomoka	智花
tomoka	智華
tomoka	智香
tomoka	朋佳
tomoka	朋加
tomoka	朋夏
tomoka	朋果
tomoka	朋花
tomoka	朋華
tomoka	朋香
tomoka	朝香
tomoka	知佳
tomoka	知加
tomoka	知花
tomoka	知華
tomoka	知香
tomokiyo	友清
tomokiyo	朝清
tomomine	友峰
tomone	知念
tomone	鞆音
tomono	友乃
tomono	友生
tomono	友野
tomono	明野
tomono	朝野
tomono	知野
tomosaka	友坂
tomotaka	具隆
tomotaka	友孝
tomotaka	友貴
tomotaka	友隆
tomotaka	智孝
tomotaka	智崇
tomotaka	智敬
tomotaka	智貴
tomotaka	智隆
tomotaka	朋貴
tomotaka	知孝
tomotaka	知貴
tomotaka	知隆
tomotaka	知高
tomoto	戸本
tomoya	トモヤ
tomoya	倫也
tomoya	友也
tomoya	友哉
tomoya	友弥
tomoya	友谷
tomoya	大也
tomoya	智也
tomoya	智哉
tomoya	智弥
tomoya	智矢
tomoya	朋也
tomoya	朋哉
tomoya	朋弥
tomoya	朋矢
tomoya	朝也
tomoya	知也
tomoya	知哉
tomoya	知弥
tomoyo	倫世
tomoyo	友代
tomoyo	智世
tomoyo	智代
tomoyo	朋世
tomoyo	朋代
tomoyo	朝世
tomoyo	知世
tomoyo	知予
tomoyo	知代
tomoyori	友寄
tone	刀祢
tone	刀禰
tone	戸根
tonga	敦賀
tonomo	土面
tonomoto	殿本
tonooka	外岡
tonooka	殿岡
tooga	遠賀
tooka	外岡
tookuni	遠国
toomine	遠峯
toomine	遠嶺
toomiya	遠宮
toono	東尾
toonya	トーニャ
tooruha	透派
tooya	遠矢
toraya	寅屋
toraya	虎谷
toride	鳥出
toriha	鳥羽
toriizuka	鳥居塚
torino	鳥野
toriya	鳥谷
tosaka	トサカ
tosaka	登坂
toshimaya	豊島屋
toshinaga	利良
toshinaga	利長
toshinaga	壽
toshinaga	寿
toshine	利根
toshino	俊野
toshioka	利岡
toshiwo	敏夫
toshiya	トシヤ
toshiya	俊也
toshiya	俊哉
toshiya	俊弥
toshiya	俊矢
toshiya	利也
toshiya	利哉
toshiya	利弥
toshiya	寿也
toshiya	寿哉
toshiya	敏也
toshiya	敏哉
toshiya	敏弥
toshiya	登志也
toshiya	知也
toshiya	稔也
toshiya	稔弥
toshiya	駿哉
toshiyo	利世
toshiyo	敏世
toshiyo	敏代
tote	戸手
totsuka	十握
totsuka	十束
touchika	東近
toudate	東館
touga	トウガ
touka	憧花
touka	東華
touka	燈下
touka	藤花
toumine	東峰
toumiya	当宮
toumiya	東宮
tounaka	東中
toune	刀根
toune	東根
touno	冬野
touno	塔野
touno	桐野
touno	藤野
touno	遠野
tounohe	十戸
tousaka	東阪
touya	冬夜
touya	冬弥
touya	十夜
touya	塔矢
touya	東家
touya	東弥
touya	東矢
touya	東耶
touya	東野
touya	藤谷
toya	戸屋
toya	戸矢
toya	戸谷
toyo	杜預
toyo	東洋
toyo	登世
toyo	登代
toyochika	豊周
toyohito	豊人
toyohito	豊仁
toyoka	豊香
toyono	トヨノ
toyotaka	豊隆
toyotaka	豊高
toyotomika	豊臣家
tsubakino	椿野
tsubone	坪根
tsuboya	坪屋
tsuboya	坪谷
tsuchika	ツチカ
tsuchikane	土金
tsuchitani	土谷
tsuchitani	槌谷
tsuchiya	ツチヤ
tsuchiya	土家
tsuchiya	土野
tsuchiya	槌谷
tsudaka	都高
tsudani	津谷
tsudino	辻野
tsugane	津金
tsugeno	柘野
tsugino	調
tsuguka	亜華
tsugumo	津雲
tsuguya	二也
tsuguya	嗣也
tsuguya	次矢
tsujide	辻出
tsujika	辻加
tsujino	辻野
tsujitani	辻谷
tsujiya	辻家
tsujiya	辻屋
tsujiya	辻谷
tsukamoto	塚元
tsukamoto	柄本
tsukane	束
tsukano	塚野
tsukatani	塚谷
tsukatani	柄谷
tsukaya	塚谷
tsukidate	月館
tsukijiya	貫地谷
tsukika	月華
tsukimiya	ツキミヤ
tsukimiya	月宮
tsukinaga	月永
tsukino	月乃
tsukisaka	月坂
tsukiyori	月居
tsukumo	津雲
tsukumo	白
tsukuno	築野
tsumaya	妻屋
tsumoto	津元
tsumuraya	円谷
tsumuraya	圓谷
tsunaka	津中
tsunano	網野
tsune	ツネ
tsune	彝
tsuneno	常野
tsuneoka	常岡
tsuneoka	恒岡
tsunetaka	常隆
tsunetaka	常高
tsunetaka	恒孝
tsunetaka	恒貴
tsunetaka	恒隆
tsunetaka	経高
tsunetane	常胤
tsuneto	恒人
tsuneya	恒也
tsuneyo	常世
tsuneyo	常代
tsuneyo	恒代
tsuneyori	常緑
tsuno	都野
tsuruga	鶴我
tsurugaya	鶴谷
tsurugidake	剱岳
tsuruka	敦賀
tsurumine	鶴峯
tsurumine	鶴峰
tsurusaka	鶴坂
tsurutani	鶴谷
tsuruyo	鶴代
tsutaka	津高
tsutani	津谷
tsutano	蔦野
tsutaya	ツタヤ
tsutaya	蔦屋
tsutaya	蔦谷
tsutsugouka	筒香化
tsuuno	通野
tsuyoto	剛人
uchidate	内舘
uchidate	内館
uchimiya	内宮
uchino	ウチノ
uchino	内野
udaka	宇高
udaka	宇髙
udano	宇多野
uedani	上谷
uede	上出
uedono	上殿
uega	上賀
ueha	上羽
ueha	上葉
uekuni	上国
uekuni	上國料
uenaka	上中
uenaka	上仲
uenaka	植中
ueno	上乃
ueno	上埜
ueoka	上岡
ueoka	植岡
uetani	上渓
uetani	上谷
uete	植手
ueto	上戸
uezaka	上阪
uezuka	上塚
ugaya	烏賀陽
ujino	宇治野
ujiyori	氏頼
umade	馬出
umaide	馬出
umano	馬野
umasaka	馬坂
umaya	馬谷
umene	梅根
umeno	ウメノ
umeno	梅乃
umetaka	梅高
umeya	梅谷
umika	ウミカ
umika	海荷
umine	海音
umino	ウミノ
umino	梅野
umino	海乃
umino	羽海野
umito	海人
umito	海斗
umito	海都
umiya	海谷
unaka	宇中
unno	雲野
uono	魚野
uoto	魚戸
uoya	魚谷
uradani	浦谷
urade	浦出
uramoto	裏本
uraoka	浦岡
uraraka	麗日
urasato	浦里
uratani	浦谷
uratani	裏谷
urato	浦人
uraya	浦屋
uraya	浦谷
ureno	嬉野
ureshino	ウレシノ
urino	売野
urino	瓜野
uruga	宇留賀
uruno	宇留野
urushidani	漆谷
ushine	牛根
ushirode	後出
ushirone	後根
ushirono	後野
usuha	薄葉
usukine	臼杵
usune	希音
utaka	宇高
utano	歌野
utanto	ウ・タント
utayo	歌代
utayo	歌誉
utono	鵜殿
utsude	宇都出
utsumiya	宇津宮
utsumiya	宇都宮
utsuno	宇都野
uwate	上手
uwaya	上矢
uzuka	兎束
uzuka	卯塚
wachigaiya	輪違屋
wadani	和谷
waide	和出
waiga	淮河
waka	和佳
waka	和加
waka	和可
waka	和嘉
waka	和夏
waka	和花
waka	和華
waka	和賀
waka	和香
wakadake	若竹
wakade	若手
wakaha	稚葉
wakamatsuya	若松屋
wakane	和華子
wakano	若野
wakaoka	若岡
wakasono	若園
wakatani	若谷
wakato	若翔
wakidani	脇谷
wakitani	脇谷
wakiya	脇谷
wakuni	和国
wakuya	湧谷
wanaka	ワナカ
wanaka	和中
wani	王仁
waraya	藁谷
wareto	我人
washidani	鷲谷
washimine	鷲峰
washino	鷲野
washitani	鷲谷
washiya	鷲谷
watadani	綿谷
watani	和谷
watano	綿野
watariya	渡谷
wataya	綿矢
wataya	綿谷
yabane	矢羽根
yabuno	薮野
yabuno	藪ノ
yabuno	藪野
yachiyo	八代
yadani	矢谷
yaeno	八重野
yaga	屋我
yakeno	焼野
yakumo	耶雲
yakuno	役野
yamachika	山近
yamadaka	山高
yamadaya	やまだ屋
yamadaya	山田家
yamadaya	山田屋
yamade	山手
yamaga	山家
yamaga	山荷
yamaguchiya	山口屋
yamaha	山羽
yamaha	山葉
yamahide	山秀
yamaide	山出
yamaka	ヤマカ
yamaka	山加
yamaka	山火
yamaka	山県
yamaka	山科
yamaka	山香
yamaka	山鹿
yamakane	山金
yamamine	山峰
yamamo	山瀬
yamamotokaito	山本海人
yamamotoya	山本家
yamamotoya	山本屋
yamamotoyamato	山本ヤマト
yamamotoyuuya	山本優弥
yamanaga	山永
yamanaga	山長
yamanaka	山仲
yamane	ヤマネ
yamani	山二
yamani	山児
yamano	ヤマノ
yamanoha	山入端
yamanote	山手
yamaoka	ヤマオカ
yamaoto	山音
yamasaka	山坂
yamasato	山里
yamashika	山鹿
yamashiroya	山城屋
yamasuga	山菅
yamatane	山種
yamatani	山谷
yamato	和
yamato	山戸
yamato	山登
yamato	日本
yamato	矢的
yamatomo	山友
yamatoya	ヤマトヤ
yamatsuka	山塚
yamawaka	山若
yamaya	山家
yamiya	八宮
yamomo	八百
yamoto	八本
yamoto	家本
yamoto	屋本
yanagiha	柳葉
yanagitani	柳谷
yanagiya	柳家
yanagiya	柳谷
yanaka	家中
yano	ヤノ
yano	夜野
yano	箟
yaono	八百野
yashika	八鹿
yasudaya	安田屋
yasuha	泰葉
yasukiyo	保清
yasukiyo	泰清
yasukuni	保国
yasukuni	安國
yasukuni	康邦
yasukuni	泰邦
yasumiya	安宮
yasumoto	保元
yasumoto	保本
yasumoto	康元
yasumoto	康本
yasumoto	泰基
yasumune	安宗
yasumune	安旨
yasumune	泰宗
yasunaga	保永
yasunaga	康永
yasunaga	泰永
yasuno	ヤスノ
yasuno	保乃
yasuno	安納
yasuno	康乃
yasuraoka	安楽岡
yasuraoka	安良岡
yasusaka	保坂
yasusato	安里
yasutaka	ヤスタカ
yasutaka	保孝
yasutaka	安孝
yasutaka	安貴
yasutaka	安隆
yasutaka	安高
yasutaka	康孝
yasutaka	康敬
yasutaka	康貴
yasutaka	康隆
yasutaka	康高
yasutaka	恭孝
yasutaka	恭崇
yasutaka	泰孝
yasutaka	泰敬
yasutaka	泰生
yasutaka	泰貴
yasutaka	泰隆
yasutaka	泰高
yasutaka	靖孝
yasutaka	靖崇
yasutaka	靖貴
yasutaka	靖隆
yasutane	康胤
yasutani	安谷
yasuto	安人
yasuto	康人
yasuto	泰人
yasuto	靖人
yasutomo	保友
yasutomo	安友
yasutomo	康友
yasutomo	康智
yasutomo	康知
yasutomo	泰智
yasutomo	泰朝
yasutomo	泰知
yasutomo	靖友
yasuya	康哉
yasuyo	やす代
yasuyo	保代
yasuyo	安世
yasuyo	安代
yasuyo	康世
yasuyo	康代
yasuyo	恭代
yasuyo	泰世
yasuyo	泰代
yasuyo	靖代
yatani	弥谷
yatano	矢田野
yatate	矢立
yatateya	達谷窟
yatone	屋根
yatone	谷根
yatsuka	八塚
yatsuka	矢塚
yatsuya	谷々
yawataya	八幡屋
yaya	埜々
yaya	良
yazuka	八塚
yazuka	矢塚
yazuya	和哉
yodono	淀野
yodoya	淀屋
yokomine	横峰
yokomiya	横宮
yokosaka	横坂
yokoto	横戸
yokoya	横谷
yomiya	余宮
yomiya	夜宮
yomoto	四本
yomoto	湯本
yonaga	世永
yonaga	代永
yonaha	與那覇
yone	ヨネ
yone	米
yoneka	米花
yonetani	米谷
yoneya	米屋
yoneya	米谷
yonezuka	米塚
yorioka	依岡
yoritaka	和貴
yoritaka	頼孝
yoritaka	頼隆
yoritaka	頼高
yoritate	寄立
yorozuya	万家
yoruno	夜野
yoshidaka	吉高
yoshidake	吉田家
yoshidaya	吉田家
yoshidaya	吉田屋
yoshiga	吉賀
yoshiga	芳賀
yoshiha	吉羽
yoshiha	美葉
yoshihane	吉羽
yoshika	佳香
yoshika	吉香
yoshika	由佳
yoshika	美香
yoshika	良佳
yoshika	良香
yoshika	芳佳
yoshika	芳華
yoshika	芳香
yoshikane	吉兼
yoshikane	吉金
yoshikane	義兼
yoshikane	良金
yoshikawaya	吉川家
yoshikiyo	吉清
yoshikiyo	義清
yoshikiyo	良清
yoshimine	吉峯
yoshimine	吉嶺
yoshimine	良岑
yoshimiya	吉宮
yoshimiya	義宮
yoshimoto	善本
yoshimoto	四元
yoshimoto	慶本
yoshimoto	美素
yoshimoto	義質
yoshimuraya	吉村家
yoshinaga	ヨシナガ
yoshinaga	佳永
yoshinaga	佳長
yoshinaga	吉中
yoshinaga	嘉永
yoshinaga	好永
yoshinaga	宜永
yoshinaga	幸長
yoshinaga	義永
yoshinaga	良永
yoshinaka	吉仲
yoshinaka	芳中
yoshine	吉根
yoshine	芳根
yoshino	よし乃
yoshino	よ志の
yoshino	ヨシノ
yoshino	佳乃
yoshino	吉能
yoshino	喜乃
yoshino	好乃
yoshino	愛乃
yoshino	慶野
yoshino	淑乃
yoshino	由乃
yoshino	由野
yoshino	祥乃
yoshino	美乃
yoshino	美野
yoshino	義野
yoshino	良乃
yoshino	良之
yoshino	芦野
yoshino	芳乃
yoshioka	ヨシオカ
yoshioka	芳岡
yoshisaka	吉坂
yoshisato	義郷
yoshitaka	佳孝
yoshitaka	佳貴
yoshitaka	佳隆
yoshitaka	克隆
yoshitaka	吉孝
yoshitaka	吉貴
yoshitaka	吉隆
yoshitaka	吉鷹
yoshitaka	善孝
yoshitaka	善敬
yoshitaka	善貴
yoshitaka	善隆
yoshitaka	喜孝
yoshitaka	喜貴
yoshitaka	喜隆
yoshitaka	嘉孝
yoshitaka	嘉隆
yoshitaka	嘉高
yoshitaka	好孝
yoshitaka	好隆
yoshitaka	孝高
yoshitaka	幸隆
yoshitaka	悦孝
yoshitaka	愛貴
yoshitaka	慶隆
yoshitaka	由多加
yoshitaka	由孝
yoshitaka	由貴
yoshitaka	由高
yoshitaka	祥孝
yoshitaka	祥隆
yoshitaka	美孝
yoshitaka	義堯
yoshitaka	義孝
yoshitaka	義尊
yoshitaka	義尭
yoshitaka	義崇
yoshitaka	義貴
yoshitaka	義隆
yoshitaka	義高
yoshitaka	良孝
yoshitaka	良臣
yoshitaka	良隆
yoshitaka	芳孝
yoshitaka	芳隆
yoshitaka	賢孝
yoshitane	吉種
yoshitane	義稙
yoshitane	義種
yoshitane	義胤
yoshitani	吉谷
yoshito	ヨシト
yoshito	仁人
yoshito	佳人
yoshito	儀人
yoshito	善人
yoshito	善斗
yoshito	喜人
yoshito	嘉人
yoshito	圭人
yoshito	好人
yoshito	愛人
yoshito	慶人
yoshito	敬人
yoshito	淑人
yoshito	由人
yoshito	義人
yoshito	能人
yoshito	良人
yoshito	芳人
yoshito	誼人
yoshitomo	ヨシトモ
yoshitomo	佳知
yoshitomo	勝義
yoshitomo	善友
yoshitomo	善智
yoshitomo	善知
yoshitomo	喜知
yoshitomo	祥智
yoshitomo	義友
yoshitomo	義智
yoshitomo	義知
yoshitomo	良友
yoshitomo	良智
yoshitomo	良知
yoshitoyo	義豊
yoshiwo	啓雄
yoshiwo	芳雄
yoshiya	佳也
yoshiya	吉哉
yoshiya	吉弥
yoshiya	吉矢
yoshiya	吉谷
yoshiya	善也
yoshiya	嘉也
yoshiya	嘉哉
yoshiya	嘉屋
yoshiya	昌也
yoshiya	由也
yoshiya	美也
yoshiya	美哉
yoshiya	義也
yoshiya	義哉
yoshiya	義家
yoshiya	義弥
yoshiya	良也
yoshiya	良哉
yoshiyori	慶頼
yoshiyori	義頼
yoto	四十
yotsuka	四日
yotsuya	四家
youine	用稲
youka	楊過
youka	葉香
youka	陽花
youka	陽華
youka	陽香
youno	要野
yudani	湯谷
yufune	湯舟
yuika	ゆい夏
yuika	ユイカ
yuika	唯花
yuika	唯華
yuika	唯香
yuika	結夏
yuika	結花
yuika	結華
yuino	唯野
yuino	結乃
yuino	結野
yuito	唯斗
yuito	結人
yuka	ユカ
yuka	佑佳
yuka	佑圭
yuka	佑香
yuka	優佳
yuka	優加
yuka	優果
yuka	優花
yuka	優香
yuka	友佳
yuka	友加
yuka	友果
yuka	友花
yuka	友華
yuka	友香
yuka	夕佳
yuka	夕夏
yuka	夕花
yuka	夕香
yuka	幸香
yuka	悠香
yuka	有佳
yuka	有加
yuka	有可
yuka	有花
yuka	有華
yuka	有賀
yuka	有香
yuka	由嘉
yuka	由夏
yuka	由果
yuka	由花
yuka	由華
yuka	由香
yuka	祐佳
yuka	祐加
yuka	結夏
yuka	結果
yuka	結花
yuka	結華
yuka	結香
yuka	裕加
yuka	裕翔
yuka	裕香
yukarino	紫乃
yukiha	雪羽
yukika	雪香
yukimine	雪峰
yukinaga	幸永
yukinaga	幸長
yukinaga	行長
yukinaga	雪永
yukine	幸音
yukine	雪音
yukino	ゆき乃
yukino	ユキノ
yukino	優希乃
yukino	千乃
yukino	友紀乃
yukino	幸乃
yukino	幸野
yukino	有希乃
yukino	由希乃
yukino	由紀乃
yukino	雪乃
yukioka	行岡
yukioka	雪岡
yukitaka	幸孝
yukitaka	幸貴
yukitaka	行隆
yukitaka	行高
yukito	幸久
yukito	幸人
yukito	幸斗
yukito	往人
yukito	行人
yukito	雪斗
yukitomo	之大
yukitomo	幸友
yukitomo	行友
yukiwo	ユキヲ
yukiya	之也
yukiya	友貴哉
yukiya	幸也
yukiya	幸哉
yukiya	幸矢
yukiya	征也
yukiya	雪弥
yukiya	雪谷
yukiyo	幸世
yukiyo	幸代
yukiyo	雪代
yumeha	夢羽
yumeha	夢葉
yumeka	夢佳
yumeka	夢夏
yumeka	夢果
yumeka	夢歌
yumeka	夢花
yumeka	夢華
yumeka	夢香
yumeno	夢乃
yumenoka	夢乃花
yumeto	夢人
yumika	弓佳
yumika	弓香
yumika	由美香
yumino	弓乃
yumino	弓野
yumitani	弓谷
yumito	湯本
yunaka	湯中
yuno	優乃
yuno	悠乃
yuno	柚乃
yuno	由乃
yuno	結乃
yurika	ゆり香
yurika	侑里香
yurika	優理香
yurika	優里花
yurika	優里香
yurika	友梨佳
yurika	友梨香
yurika	友里加
yurika	友里香
yurika	由利加
yurika	由利香
yurika	由梨佳
yurika	由梨香
yurika	由理香
yurika	由里香
yurika	百合花
yurika	百合香
yurika	祐里香
yuriya	ユリヤ
yutaka	優
yutaka	容
yutaka	富
yutaka	寛
yutaka	泰
yutaka	浩
yutaka	潤
yutaka	由多加
yutaka	由貴
yutaka	禮
yutaka	穣
yutaka	綽
yutaka	胖
yutaka	裕
yutaka	隆
yutani	油谷
yutani	湯谷
yuuga	勇雅
yuuga	将雅
yuuga	悠河
yuuga	悠雅
yuuga	憂花
yuuka	佑佳
yuuka	佑果
yuuka	佑華
yuuka	佑香
yuuka	侑佳
yuuka	侑加
yuuka	侑果
yuuka	侑花
yuuka	侑華
yuuka	侑香
yuuka	優佳
yuuka	優夏
yuuka	優果
yuuka	優歌
yuuka	優花
yuuka	優華
yuuka	優香
yuuka	友佳
yuuka	友夏
yuuka	友果
yuuka	友歌
yuuka	友花
yuuka	友華
yuuka	友香
yuuka	夕佳
yuuka	夕夏
yuuka	夕花
yuuka	夕華
yuuka	夕霞
yuuka	夕香
yuuka	幽香
yuuka	悠佳
yuuka	悠加
yuuka	悠夏
yuuka	悠花
yuuka	悠華
yuuka	悠香
yuuka	憂佳
yuuka	有加
yuuka	有夏
yuuka	有花
yuuka	有華
yuuka	有香
yuuka	柚佳
yuuka	柚花
yuuka	柚香
yuuka	由佳
yuuka	祐佳
yuuka	祐加
yuuka	祐果
yuuka	祐花
yuuka	祐華
yuuka	祐香
yuuka	結佳
yuuka	結夏
yuuka	結花
yuuka	融化
yuuka	裕佳
yuuka	裕加
yuuka	裕翔
yuuka	裕花
yuuka	裕華
yuuka	裕賀
yuuka	裕香
yuuka	雄翔
yuuno	優乃
yuutani	優谷
yuuto	ユウト
yuuto	佑人
yuuto	佑斗
yuuto	佑都
yuuto	侑人
yuuto	侑斗
yuuto	優人
yuuto	優斗
yuuto	優翔
yuuto	勇人
yuuto	勇斗
yuuto	勇登
yuuto	勇翔
yuuto	友翔
yuuto	悠人
yuuto	悠斗
yuuto	悠登
yuuto	悠翔
yuuto	有人
yuuto	有斗
yuuto	湧人
yuuto	湧斗
yuuto	祐人
yuuto	祐斗
yuuto	祐翔
yuuto	結斗
yuuto	裕人
yuuto	裕斗
yuuto	裕登
yuuto	裕翔
yuuto	遊人
yuuto	郁斗
yuuto	雄人
yuuto	雄斗
yuuto	雄登
yuuto	雄翔
yuuya	ユウヤ
yuuya	佑
yuuya	佑也
yuuya	佑哉
yuuya	佑弥
yuuya	侑也
yuuya	侑哉
yuuya	侑弥
yuuya	優也
yuuya	優哉
yuuya	優弥
yuuya	勇也
yuuya	勇哉
yuuya	勇矢
yuuya	友也
yuuya	友哉
yuuya	夕也
yuuya	夕夜
yuuya	悠也
yuuya	悠哉
yuuya	悠夜
yuuya	悠弥
yuuya	悠矢
yuuya	憂也
yuuya	有也
yuuya	有哉
yuuya	湧也
yuuya	祐也
yuuya	祐哉
yuuya	祐弥
yuuya	祐矢
yuuya	結也
yuuya	裕也
yuuya	裕哉
yuuya	裕弥
yuuya	裕矢
yuuya	遊屋
yuuya	遊野
yuuya	邑弥
yuuya	雄也
yuuya	雄哉
yuuya	雄弥
yuuya	雄矢
yuya	湯谷
yuzuha	ユズハ
yuzuha	柚葉
yuzuka	柚香
yuzuno	柚野
yuzuriha	杜
yuzuriha	杠葉
zaiga	雑賀
zeniya	銭谷
zenno	善野
zouha	臧覇
zoutani	象谷
zouyo	増誉
